Train No.,train Name,stopNumber,station Code,Station Name,Arrival time,Departure time,Distance
1081,DR BSL T F SPL ,1,DR  ,DADAR          ,0:00:00,21:45:00,0
1081,DR BSL T F SPL ,2,TNA ,THANE          ,22:03:00,22:05:00,25
1081,DR BSL T F SPL ,3,KYN ,KALYAN JN      ,22:22:00,22:45:00,45
1081,DR BSL T F SPL ,4,IGP ,IGATPURI       ,0:05:00,0:10:00,128
1081,DR BSL T F SPL ,5,NK  ,NASIK ROAD     ,0:52:00,0:55:00,179
1081,DR BSL T F SPL ,6,CSN ,CHALISGAON JN  ,2:30:00,2:32:00,319
1081,DR BSL T F SPL ,7,JL  ,JALGAON JN     ,3:27:00,3:30:00,412
1081,DR BSL T F SPL ,8,BSL ,BHUSAVAL JN    ,5:00:00,0:00:00,436
1082,BSL DR T F SPL ,1,BSL ,BHUSAVAL JN    ,0:00:00,8:35:00,0
1082,BSL DR T F SPL ,2,JL  ,JALGAON JN     ,9:00:00,9:03:00,25
1082,BSL DR T F SPL ,3,CSN ,CHALISGAON JN  ,9:50:00,9:52:00,117
1082,BSL DR T F SPL ,4,NK  ,NASIK ROAD     ,11:20:00,11:25:00,258
1082,BSL DR T F SPL ,5,IGP ,IGATPURI       ,13:25:00,13:30:00,308
1082,BSL DR T F SPL ,6,KYN ,KALYAN JN      ,15:10:00,15:13:00,391
1082,BSL DR T F SPL ,7,TNA ,THANE          ,15:33:00,15:35:00,412
1082,BSL DR T F SPL ,8,DR  ,DADAR          ,16:20:00,0:00:00,436
10111,KONKAN KANYA EX,1,CSTM,MUMBAI CST     ,0:00:00,23:05:00,0
10111,KONKAN KANYA EX,2,DR  ,DADAR          ,23:18:00,23:20:00,9
10111,KONKAN KANYA EX,3,TNA ,THANE          ,23:43:00,23:45:00,34
10111,KONKAN KANYA EX,4,DIVA,DIVA           ,23:58:00,23:59:00,43
10111,KONKAN KANYA EX,5,PNVL,PANVEL         ,0:25:00,0:30:00,69
10111,KONKAN KANYA EX,6,MNI ,MANGAON        ,2:53:00,2:54:00,188
10111,KONKAN KANYA EX,7,KHED,KHED           ,4:01:00,4:02:00,284
10111,KONKAN KANYA EX,8,CHI ,CHIPLUN        ,4:39:00,4:40:00,325
10111,KONKAN KANYA EX,9,SGR ,SANGMESHWAR    ,5:33:00,5:34:00,384
10111,KONKAN KANYA EX,10,RN  ,RATNAGIRI      ,6:35:00,6:40:00,431
10111,KONKAN KANYA EX,11,VID ,VILAVADE       ,7:29:00,7:30:00,497
10111,KONKAN KANYA EX,12,RAJP,RAJAPUR ROAD   ,7:51:00,7:52:00,520
10111,KONKAN KANYA EX,13,VBW ,VAIBHAVWADI RD ,8:09:00,8:10:00,543
10111,KONKAN KANYA EX,14,KKW ,KANKAVALI      ,8:41:00,8:42:00,587
10111,KONKAN KANYA EX,15,SNDD,SINDHUDURG     ,9:05:00,9:06:00,612
10111,KONKAN KANYA EX,16,KUDL,KUDAL          ,9:19:00,9:20:00,626
10111,KONKAN KANYA EX,17,SWV ,SAWANTWADI ROAD,9:57:00,9:58:00,655
10111,KONKAN KANYA EX,18,PERN,PERNEM         ,10:27:00,10:28:00,686
10111,KONKAN KANYA EX,19,THVM,THIVIM         ,10:41:00,10:42:00,701
10111,KONKAN KANYA EX,20,KRMI,KARMALI        ,11:10:00,11:12:00,725
10111,KONKAN KANYA EX,21,MAO ,MADGAON        ,12:30:00,0:00:00,765
10112,KONKAN KANYA EX,1,MAO ,MADGAON        ,0:00:00,16:45:00,0
10112,KONKAN KANYA EX,2,KRMI,KARMALI        ,17:17:00,17:18:00,41
10112,KONKAN KANYA EX,3,THVM,THIVIM         ,17:35:00,17:36:00,65
10112,KONKAN KANYA EX,4,PERN,PERNEM         ,17:49:00,17:50:00,80
10112,KONKAN KANYA EX,5,SWV ,SAWANTWADI ROAD,18:15:00,18:16:00,111
10112,KONKAN KANYA EX,6,KUDL,KUDAL          ,18:47:00,18:48:00,140
10112,KONKAN KANYA EX,7,SNDD,SINDHUDURG     ,18:57:00,18:58:00,154
10112,KONKAN KANYA EX,8,KKW ,KANKAVALI      ,19:13:00,19:14:00,179
10112,KONKAN KANYA EX,9,VBW ,VAIBHAVWADI RD ,19:45:00,19:46:00,222
10112,KONKAN KANYA EX,10,RAJP,RAJAPUR ROAD   ,20:07:00,20:08:00,246
10112,KONKAN KANYA EX,11,VID ,VILAVADE       ,20:29:00,20:30:00,269
10112,KONKAN KANYA EX,12,RN  ,RATNAGIRI      ,22:00:00,22:05:00,335
10112,KONKAN KANYA EX,13,SGR ,SANGMESHWAR    ,22:45:00,22:46:00,382
10112,KONKAN KANYA EX,14,CHI ,CHIPLUN        ,23:49:00,23:50:00,441
10112,KONKAN KANYA EX,15,KHED,KHED           ,0:27:00,0:28:00,482
10112,KONKAN KANYA EX,16,MNI ,MANGAON        ,2:01:00,2:02:00,578
10112,KONKAN KANYA EX,17,PNVL,PANVEL         ,4:05:00,4:10:00,697
10112,KONKAN KANYA EX,18,DIVA,DIVA           ,4:23:00,4:24:00,723
10112,KONKAN KANYA EX,19,TNA ,THANE          ,4:53:00,4:55:00,732
10112,KONKAN KANYA EX,20,DR  ,DADAR          ,5:17:00,5:20:00,757
10112,KONKAN KANYA EX,21,CSTM,MUMBAI CST     ,5:50:00,0:00:00,765
10215,MADGAON ERS EXP,1,MAO ,MADGAON        ,0:00:00,21:00:00,0
10215,MADGAON ERS EXP,2,KAWR,KARWAR         ,22:00:00,22:02:00,82
10215,MADGAON ERS EXP,3,BTJL,BHATKAL        ,0:06:00,0:08:00,236
10215,MADGAON ERS EXP,4,UD  ,UDUPI          ,1:40:00,1:42:00,350
10215,MADGAON ERS EXP,5,TOK ,THOKUR         ,2:40:00,2:45:00,415
10215,MADGAON ERS EXP,6,MAJN,MANGALORE JN   ,3:00:00,3:10:00,431
10215,MADGAON ERS EXP,7,KGQ ,KASARAGOD      ,3:53:00,3:55:00,482
10215,MADGAON ERS EXP,8,CAN ,KANNUR         ,5:10:00,5:15:00,568
10215,MADGAON ERS EXP,9,CLT ,KOZHIKODE      ,6:50:00,6:55:00,657
10215,MADGAON ERS EXP,10,TIR ,TIRUR          ,7:38:00,7:40:00,698
10215,MADGAON ERS EXP,11,SRR ,SHORANUR JN    ,8:35:00,8:40:00,743
10215,MADGAON ERS EXP,12,TCR ,THRISUR        ,9:18:00,9:20:00,776
10215,MADGAON ERS EXP,13,AWY ,ALUVA          ,10:38:00,10:40:00,831
10215,MADGAON ERS EXP,14,ERS ,ERNAKULAM JN   ,11:20:00,0:00:00,850
10216,MADGAON EXPRESS,1,ERS ,ERNAKULAM JN   ,0:00:00,13:55:00,0
10216,MADGAON EXPRESS,2,AWY ,ALUVA          ,14:17:00,14:19:00,20
10216,MADGAON EXPRESS,3,TCR ,THRISUR        ,15:04:00,15:07:00,75
10216,MADGAON EXPRESS,4,SRR ,SHORANUR JN    ,16:00:00,16:05:00,107
10216,MADGAON EXPRESS,5,TIR ,TIRUR          ,16:43:00,16:45:00,152
10216,MADGAON EXPRESS,6,CLT ,KOZHIKODE      ,17:30:00,17:35:00,193
10216,MADGAON EXPRESS,7,CAN ,KANNUR         ,19:10:00,19:15:00,283
10216,MADGAON EXPRESS,8,KGQ ,KASARAGOD      ,20:08:00,20:10:00,368
10216,MADGAON EXPRESS,9,MAJN,MANGALORE JN   ,21:20:00,21:30:00,419
10216,MADGAON EXPRESS,10,TOK ,THOKUR         ,21:40:00,21:42:00,436
10216,MADGAON EXPRESS,11,UD  ,UDUPI          ,22:46:00,22:48:00,501
10216,MADGAON EXPRESS,12,BTJL,BHATKAL        ,23:54:00,23:56:00,614
10216,MADGAON EXPRESS,13,KAWR,KARWAR         ,2:02:00,2:04:00,768
10216,MADGAON EXPRESS,14,MAO ,MADGAON        ,3:30:00,0:00:00,850
12123,DECCAN QUEEN   ,1,CSTM,MUMBAI CST     ,0:00:00,17:10:00,0
12123,DECCAN QUEEN   ,2,KYN ,KALYAN JN      ,18:02:00,18:03:00,54
12123,DECCAN QUEEN   ,3,KJT ,KARJAT         ,18:33:00,18:35:00,100
12123,DECCAN QUEEN   ,4,LNL ,LONAVALA       ,19:18:00,19:20:00,128
12123,DECCAN QUEEN   ,5,SVJR,SHIVAJINAGAR   ,20:08:00,20:10:00,190
12123,DECCAN QUEEN   ,6,PUNE,PUNE JN        ,20:25:00,0:00:00,192
12124,DECCAN QUEEN   ,1,PUNE,PUNE JN        ,0:00:00,7:15:00,0
12124,DECCAN QUEEN   ,2,LNL ,LONAVALA       ,8:08:00,8:10:00,64
12124,DECCAN QUEEN   ,3,KYN ,KALYAN JN      ,9:44:00,9:45:00,139
12124,DECCAN QUEEN   ,4,DR  ,DADAR          ,10:03:00,10:05:00,183
12124,DECCAN QUEEN   ,5,CSTM,MUMBAI CST     ,10:25:00,0:00:00,192
12125,PRAGATI EXPRESS,1,CSTM,MUMBAI CST     ,0:00:00,16:25:00,0
12125,PRAGATI EXPRESS,2,DR  ,DADAR          ,16:37:00,16:38:00,9
12125,PRAGATI EXPRESS,3,TNA ,THANE          ,16:54:00,16:55:00,34
12125,PRAGATI EXPRESS,4,DIVA,DIVA           ,17:11:00,17:12:00,43
12125,PRAGATI EXPRESS,5,PNVL,PANVEL         ,17:29:00,17:30:00,69
12125,PRAGATI EXPRESS,6,KJT ,KARJAT         ,18:07:00,18:08:00,97
12125,PRAGATI EXPRESS,7,LNL ,LONAVALA       ,18:49:00,18:50:00,125
12125,PRAGATI EXPRESS,8,SVJR,SHIVAJINAGAR   ,19:38:00,19:39:00,186
12125,PRAGATI EXPRESS,9,PUNE,PUNE JN        ,19:50:00,0:00:00,189
12126,PRAGATI EXPRESS,1,PUNE,PUNE JN        ,0:00:00,7:50:00,0
12126,PRAGATI EXPRESS,2,LNL ,LONAVALA       ,8:39:00,8:40:00,64
12126,PRAGATI EXPRESS,3,KJT ,KARJAT         ,9:19:00,9:20:00,92
12126,PRAGATI EXPRESS,4,PNVL,PANVEL         ,9:53:00,9:55:00,121
12126,PRAGATI EXPRESS,5,DIVA,DIVA           ,10:20:00,10:21:00,146
12126,PRAGATI EXPRESS,6,TNA ,THANE          ,10:28:00,10:30:00,156
12126,PRAGATI EXPRESS,7,DR  ,DADAR          ,10:54:00,10:55:00,180
12126,PRAGATI EXPRESS,8,CSTM,MUMBAI CST     ,11:15:00,0:00:00,189
12127,INTERCITY EXP  ,1,CSTM,MUMBAI CST     ,0:00:00,6:40:00,0
12127,INTERCITY EXP  ,2,DR  ,DADAR          ,6:50:00,6:52:00,9
12127,INTERCITY EXP  ,3,TNA ,THANE          ,7:12:00,7:14:00,34
12127,INTERCITY EXP  ,4,KYN ,KALYAN JN      ,7:31:00,7:32:00,54
12127,INTERCITY EXP  ,5,LNL ,LONAVALA       ,8:48:00,8:50:00,128
12127,INTERCITY EXP  ,6,SVJR,SHIVAJINAGAR   ,9:43:00,9:45:00,189
12127,INTERCITY EXP  ,7,PUNE,PUNE JN        ,9:57:00,0:00:00,192
12128,INTERCITY EXP  ,1,PUNE,PUNE JN        ,0:00:00,17:55:00,0
12128,INTERCITY EXP  ,2,LNL ,LONAVALA       ,18:46:00,18:48:00,64
12128,INTERCITY EXP  ,3,KYN ,KALYAN JN      ,19:45:00,19:46:00,139
12128,INTERCITY EXP  ,4,TNA ,THANE          ,20:18:00,20:20:00,159
12128,INTERCITY EXP  ,5,DR  ,DADAR          ,20:38:00,20:40:00,183
12128,INTERCITY EXP  ,6,CSTM,MUMBAI CST     ,21:05:00,0:00:00,192
12129,AZAD HIND EXP  ,1,PUNE,PUNE JN        ,0:00:00,18:25:00,0
12129,AZAD HIND EXP  ,2,URI ,URULI          ,18:51:00,18:52:00,29
12129,AZAD HIND EXP  ,3,DD  ,DAUND JN       ,19:50:00,20:05:00,76
12129,AZAD HIND EXP  ,4,ANG ,AHMADNAGAR     ,21:22:00,21:25:00,160
12129,AZAD HIND EXP  ,5,BAP ,BELAPUR        ,22:23:00,22:25:00,227
12129,AZAD HIND EXP  ,6,KPG ,KOPARGAON      ,23:18:00,23:20:00,271
12129,AZAD HIND EXP  ,7,MMR ,MANMAD JN      ,0:30:00,0:35:00,313
12129,AZAD HIND EXP  ,8,JL  ,JALGAON JN     ,2:33:00,2:35:00,473
12129,AZAD HIND EXP  ,9,BSL ,BHUSAVAL JN    ,3:20:00,3:30:00,497
12129,AZAD HIND EXP  ,10,MKU ,MALKAPUR       ,4:13:00,4:15:00,547
12129,AZAD HIND EXP  ,11,SEG ,SHEGAON        ,4:53:00,4:55:00,599
12129,AZAD HIND EXP  ,12,AK  ,AKOLA JN       ,5:20:00,5:25:00,636
12129,AZAD HIND EXP  ,13,BD  ,BADNERA JN     ,6:55:00,7:00:00,715
12129,AZAD HIND EXP  ,14,WR  ,WARDHA JN      ,8:37:00,8:40:00,811
12129,AZAD HIND EXP  ,15,NGP ,NAGPUR         ,10:10:00,10:20:00,889
12129,AZAD HIND EXP  ,16,BRD ,BHANDARA ROAD  ,11:04:00,11:06:00,951
12129,AZAD HIND EXP  ,17,TMR ,TUMSAR ROAD    ,11:20:00,11:22:00,969
12129,AZAD HIND EXP  ,18,G   ,GONDIA JN      ,12:06:00,12:08:00,1019
12129,AZAD HIND EXP  ,19,DGG ,DONGARGARH     ,13:04:00,13:06:00,1092
12129,AZAD HIND EXP  ,20,RJN ,RAJ NANDGAON   ,13:22:00,13:24:00,1124
12129,AZAD HIND EXP  ,21,DURG,DURG           ,14:05:00,14:10:00,1153
12129,AZAD HIND EXP  ,22,R   ,RAIPUR JN      ,14:45:00,14:55:00,1190
12129,AZAD HIND EXP  ,23,BSP ,BILASPUR JN    ,16:35:00,16:50:00,1300
12129,AZAD HIND EXP  ,24,CPH ,CHAMPA         ,17:33:00,17:35:00,1353
12129,AZAD HIND EXP  ,25,RIG ,RAIGARH        ,18:25:00,18:27:00,1433
12129,AZAD HIND EXP  ,26,JSG ,JHARSUGUDA JN  ,19:45:00,19:47:00,1506
12129,AZAD HIND EXP  ,27,ROU ,ROURKELA       ,21:02:00,21:17:00,1607
12129,AZAD HIND EXP  ,28,CKP ,CHAKRADHARPUR  ,22:36:00,22:41:00,1708
12129,AZAD HIND EXP  ,29,TATA,TATANAGAR JN   ,23:45:00,23:55:00,1771
12129,AZAD HIND EXP  ,30,KGP ,KHARAGPUR JN   ,1:42:00,1:47:00,1905
12129,AZAD HIND EXP  ,31,HWH ,HOWRAH JN      ,3:50:00,0:00:00,2020
12130,AZAD HIND EXP  ,1,HWH ,HOWRAH JN      ,0:00:00,21:50:00,0
12130,AZAD HIND EXP  ,2,KGP ,KHARAGPUR JN   ,23:30:00,23:35:00,116
12130,AZAD HIND EXP  ,3,TATA,TATANAGAR JN   ,1:25:00,1:32:00,250
12130,AZAD HIND EXP  ,4,CKP ,CHAKRADHARPUR  ,2:28:00,2:33:00,312
12130,AZAD HIND EXP  ,5,ROU ,ROURKELA       ,3:55:00,4:05:00,413
12130,AZAD HIND EXP  ,6,JSG ,JHARSUGUDA JN  ,5:50:00,5:52:00,515
12130,AZAD HIND EXP  ,7,RIG ,RAIGARH        ,6:47:00,6:49:00,588
12130,AZAD HIND EXP  ,8,CPH ,CHAMPA         ,7:47:00,7:49:00,668
12130,AZAD HIND EXP  ,9,BSP ,BILASPUR JN    ,9:00:00,9:15:00,720
12130,AZAD HIND EXP  ,10,R   ,RAIPUR JN      ,10:45:00,10:55:00,831
12130,AZAD HIND EXP  ,11,DURG,DURG           ,11:40:00,11:45:00,867
12130,AZAD HIND EXP  ,12,RJN ,RAJ NANDGAON   ,12:06:00,12:08:00,897
12130,AZAD HIND EXP  ,13,DGG ,DONGARGARH     ,12:31:00,12:33:00,928
12130,AZAD HIND EXP  ,14,G   ,GONDIA JN      ,13:37:00,13:39:00,1001
12130,AZAD HIND EXP  ,15,TMR ,TUMSAR ROAD    ,14:11:00,14:13:00,1051
12130,AZAD HIND EXP  ,16,BRD ,BHANDARA ROAD  ,14:29:00,14:30:00,1069
12130,AZAD HIND EXP  ,17,NGP ,NAGPUR         ,15:40:00,15:50:00,1131
12130,AZAD HIND EXP  ,18,WR  ,WARDHA JN      ,16:43:00,16:46:00,1210
12130,AZAD HIND EXP  ,19,BD  ,BADNERA JN     ,18:25:00,18:28:00,1305
12130,AZAD HIND EXP  ,20,AK  ,AKOLA JN       ,19:22:00,19:25:00,1384
12130,AZAD HIND EXP  ,21,SEG ,SHEGAON        ,19:49:00,19:50:00,1421
12130,AZAD HIND EXP  ,22,MKU ,MALKAPUR       ,20:24:00,20:25:00,1474
12130,AZAD HIND EXP  ,23,BSL ,BHUSAVAL JN    ,21:20:00,21:30:00,1524
12130,AZAD HIND EXP  ,24,JL  ,JALGAON JN     ,21:54:00,21:55:00,1548
12130,AZAD HIND EXP  ,25,MMR ,MANMAD JN      ,23:50:00,23:55:00,1708
12130,AZAD HIND EXP  ,26,KPG ,KOPARGAON      ,1:29:00,1:30:00,1750
12130,AZAD HIND EXP  ,27,BAP ,BELAPUR        ,2:19:00,2:20:00,1794
12130,AZAD HIND EXP  ,28,ANG ,AHMADNAGAR     ,3:27:00,3:30:00,1861
12130,AZAD HIND EXP  ,29,DD  ,DAUND JN       ,5:05:00,5:20:00,1944
12130,AZAD HIND EXP  ,30,PUNE,PUNE JN        ,6:50:00,0:00:00,2020
12131,DR SAINAGAR EXP,1,DR  ,DADAR          ,0:00:00,21:45:00,0
12131,DR SAINAGAR EXP,2,TNA ,THANE          ,22:03:00,22:05:00,25
12131,DR SAINAGAR EXP,3,KYN ,KALYAN JN      ,22:22:00,22:25:00,45
12131,DR SAINAGAR EXP,4,IGP ,IGATPURI       ,0:08:00,0:10:00,128
12131,DR SAINAGAR EXP,5,NK  ,NASIK ROAD     ,0:53:00,0:55:00,179
12131,DR SAINAGAR EXP,6,MMR ,MANMAD JN      ,1:50:00,1:55:00,252
12131,DR SAINAGAR EXP,7,ANKX,ANK MMR DIRECT ,2:20:00,2:22:00,259
12131,DR SAINAGAR EXP,8,KPG ,KOPARGAON      ,2:58:00,3:00:00,295
12131,DR SAINAGAR EXP,9,PB  ,PUNTAMBA       ,3:40:00,3:41:00,319
12131,DR SAINAGAR EXP,10,SNSI,SAINAGAR SHIRDI,3:51:00,0:00:00,336
12132,SAINAGAR DR EXP,1,SNSI,SAINAGAR SHIRDI,0:00:00,22:25:00,0
12132,SAINAGAR DR EXP,2,PB  ,PUNTAMBA       ,22:40:00,22:42:00,17
12132,SAINAGAR DR EXP,3,KPG ,KOPARGAON      ,22:59:00,23:00:00,41
12132,SAINAGAR DR EXP,4,ANKX,ANK MMR DIRECT ,23:40:00,23:42:00,78
12132,SAINAGAR DR EXP,5,MMR ,MANMAD JN      ,23:55:00,23:58:00,85
12132,SAINAGAR DR EXP,6,NK  ,NASIK ROAD     ,0:57:00,1:00:00,158
12132,SAINAGAR DR EXP,7,IGP ,IGATPURI       ,1:50:00,1:55:00,208
12132,SAINAGAR DR EXP,8,KYN ,KALYAN JN      ,3:27:00,3:30:00,292
12132,SAINAGAR DR EXP,9,TNA ,THANE          ,3:48:00,3:50:00,312
12132,SAINAGAR DR EXP,10,DR  ,DADAR          ,4:30:00,0:00:00,336
12133,MANGALORE EXP  ,1,CSTM,MUMBAI CST     ,0:00:00,22:00:00,0
12133,MANGALORE EXP  ,2,TNA ,THANE          ,22:33:00,22:35:00,34
12133,MANGALORE EXP  ,3,DIVA,DIVA           ,22:55:00,22:56:00,43
12133,MANGALORE EXP  ,4,PNVL,PANVEL         ,23:12:00,23:15:00,69
12133,MANGALORE EXP  ,5,ROHA,ROHA           ,0:48:00,0:50:00,146
12133,MANGALORE EXP  ,6,RN  ,RATNAGIRI      ,4:50:00,4:55:00,431
12133,MANGALORE EXP  ,7,KKW ,KANKAVALI      ,6:40:00,6:42:00,587
12133,MANGALORE EXP  ,8,MAO ,MADGAON        ,8:50:00,9:00:00,765
12133,MANGALORE EXP  ,9,KAWR,KARWAR         ,9:58:00,10:00:00,847
12133,MANGALORE EXP  ,10,KT  ,KUMTA          ,11:06:00,11:08:00,924
12133,MANGALORE EXP  ,11,BTJL,BHATKAL        ,12:00:00,12:01:00,1001
12133,MANGALORE EXP  ,12,BYNR,MOOKAMBIKA ROAD,12:18:00,12:20:00,1023
12133,MANGALORE EXP  ,13,KUDA,KUNDAPURA      ,12:55:00,12:56:00,1070
12133,MANGALORE EXP  ,14,UD  ,UDUPI          ,13:18:00,13:20:00,1115
12133,MANGALORE EXP  ,15,SL  ,SURATHKAL      ,14:00:00,14:02:00,1173
12133,MANGALORE EXP  ,16,TOK ,THOKUR         ,14:30:00,14:31:00,1180
12133,MANGALORE EXP  ,17,MAJN,MANGALORE JN   ,15:15:00,0:00:00,1196
12134,MUMBAI EXP     ,1,MAJN,MANGALORE JN   ,0:00:00,16:45:00,0
12134,MUMBAI EXP     ,2,TOK ,THOKUR         ,16:53:00,16:55:00,17
12134,MUMBAI EXP     ,3,SL  ,SURATHKAL      ,17:16:00,17:18:00,23
12134,MUMBAI EXP     ,4,UD  ,UDUPI          ,17:48:00,17:50:00,82
12134,MUMBAI EXP     ,5,KUDA,KUNDAPURA      ,18:27:00,18:28:00,126
12134,MUMBAI EXP     ,6,BYNR,MOOKAMBIKA ROAD,18:45:00,18:47:00,173
12134,MUMBAI EXP     ,7,BTJL,BHATKAL        ,19:17:00,19:18:00,195
12134,MUMBAI EXP     ,8,KT  ,KUMTA          ,19:40:00,19:42:00,272
12134,MUMBAI EXP     ,9,KAWR,KARWAR         ,20:32:00,20:34:00,349
12134,MUMBAI EXP     ,10,MAO ,MADGAON        ,21:40:00,21:50:00,431
12134,MUMBAI EXP     ,11,KKW ,KANKAVALI      ,0:02:00,0:04:00,609
12134,MUMBAI EXP     ,12,RN  ,RATNAGIRI      ,2:15:00,2:20:00,765
12134,MUMBAI EXP     ,13,ROHA,ROHA           ,7:45:00,7:50:00,1050
12134,MUMBAI EXP     ,14,PNVL,PANVEL         ,8:25:00,8:30:00,1128
12134,MUMBAI EXP     ,15,TNA ,THANE          ,9:27:00,9:30:00,1162
12134,MUMBAI EXP     ,16,CSTM,MUMBAI CST     ,10:33:00,0:00:00,1195
12135,PUNE NAGPUR EXP,1,PUNE,PUNE JN        ,0:00:00,17:40:00,0
12135,PUNE NAGPUR EXP,2,DD  ,DAUND JN       ,18:55:00,19:10:00,76
12135,PUNE NAGPUR EXP,3,ANG ,AHMADNAGAR     ,20:50:00,20:55:00,160
12135,PUNE NAGPUR EXP,4,BAP ,BELAPUR        ,21:53:00,21:55:00,227
12135,PUNE NAGPUR EXP,5,KPG ,KOPARGAON      ,22:43:00,22:45:00,271
12135,PUNE NAGPUR EXP,6,MMR ,MANMAD JN      ,0:01:00,0:05:00,313
12135,PUNE NAGPUR EXP,7,CSN ,CHALISGAON JN  ,0:53:00,0:55:00,380
12135,PUNE NAGPUR EXP,8,JL  ,JALGAON JN     ,1:58:00,2:00:00,473
12135,PUNE NAGPUR EXP,9,BSL ,BHUSAVAL JN    ,2:30:00,2:40:00,497
12135,PUNE NAGPUR EXP,10,MKU ,MALKAPUR       ,3:23:00,3:25:00,547
12135,PUNE NAGPUR EXP,11,SEG ,SHEGAON        ,4:03:00,4:05:00,599
12135,PUNE NAGPUR EXP,12,AK  ,AKOLA JN       ,4:30:00,4:35:00,636
12135,PUNE NAGPUR EXP,13,BD  ,BADNERA JN     ,6:20:00,6:25:00,715
12135,PUNE NAGPUR EXP,14,DMN ,DHAMANGAON     ,7:10:00,7:12:00,761
12135,PUNE NAGPUR EXP,15,PLO ,PULGAON JN     ,7:27:00,7:29:00,781
12135,PUNE NAGPUR EXP,16,WR  ,WARDHA JN      ,8:04:00,8:07:00,811
12135,PUNE NAGPUR EXP,17,AJNI,AJNI           ,9:08:00,9:10:00,886
12135,PUNE NAGPUR EXP,18,NGP ,NAGPUR         ,9:25:00,0:00:00,889
12136,NAGPUR PUNE EXP,1,NGP ,NAGPUR         ,0:00:00,18:35:00,0
12136,NAGPUR PUNE EXP,2,AJNI,AJNI           ,18:43:00,18:45:00,3
12136,NAGPUR PUNE EXP,3,WR  ,WARDHA JN      ,19:42:00,19:45:00,79
12136,NAGPUR PUNE EXP,4,PLO ,PULGAON JN     ,20:08:00,20:10:00,109
12136,NAGPUR PUNE EXP,5,DMN ,DHAMANGAON     ,20:28:00,20:30:00,129
12136,NAGPUR PUNE EXP,6,BD  ,BADNERA JN     ,21:30:00,21:33:00,175
12136,NAGPUR PUNE EXP,7,AK  ,AKOLA JN       ,22:25:00,22:30:00,253
12136,NAGPUR PUNE EXP,8,SEG ,SHEGAON        ,22:58:00,23:00:00,291
12136,NAGPUR PUNE EXP,9,MKU ,MALKAPUR       ,23:33:00,23:35:00,343
12136,NAGPUR PUNE EXP,10,BSL ,BHUSAVAL JN    ,0:30:00,0:45:00,393
12136,NAGPUR PUNE EXP,11,JL  ,JALGAON JN     ,1:10:00,1:12:00,417
12136,NAGPUR PUNE EXP,12,CSN ,CHALISGAON JN  ,2:08:00,2:10:00,510
12136,NAGPUR PUNE EXP,13,MMR ,MANMAD JN      ,3:20:00,3:25:00,577
12136,NAGPUR PUNE EXP,14,KPG ,KOPARGAON      ,4:18:00,4:20:00,619
12136,NAGPUR PUNE EXP,15,BAP ,BELAPUR        ,4:58:00,5:00:00,663
12136,NAGPUR PUNE EXP,16,ANG ,AHMADNAGAR     ,5:50:00,5:55:00,730
12136,NAGPUR PUNE EXP,17,DD  ,DAUND JN       ,8:00:00,8:15:00,814
12136,NAGPUR PUNE EXP,18,PUNE,PUNE JN        ,9:45:00,0:00:00,889
12137,PUNJAB MAIL    ,1,CSTM,MUMBAI CST     ,0:00:00,19:40:00,0
12137,PUNJAB MAIL    ,2,DR  ,DADAR          ,19:53:00,19:55:00,9
12137,PUNJAB MAIL    ,3,KYN ,KALYAN JN      ,20:35:00,20:40:00,54
12137,PUNJAB MAIL    ,4,KSRA,KASARA         ,21:43:00,21:45:00,121
12137,PUNJAB MAIL    ,5,IGP ,IGATPURI       ,22:28:00,22:30:00,137
12137,PUNJAB MAIL    ,6,DVL ,DEVLALI        ,23:08:00,23:10:00,182
12137,PUNJAB MAIL    ,7,NK  ,NASIK ROAD     ,23:20:00,23:25:00,188
12137,PUNJAB MAIL    ,8,MMR ,MANMAD JN      ,0:27:00,0:30:00,261
12137,PUNJAB MAIL    ,9,CSN ,CHALISGAON JN  ,1:14:00,1:16:00,328
12137,PUNJAB MAIL    ,10,JL  ,JALGAON JN     ,2:08:00,2:10:00,420
12137,PUNJAB MAIL    ,11,BSL ,BHUSAVAL JN    ,2:40:00,2:50:00,445
12137,PUNJAB MAIL    ,12,BAU ,BURHANPUR      ,3:28:00,3:30:00,499
12137,PUNJAB MAIL    ,13,KNW ,KHANDWA        ,4:55:00,5:00:00,568
12137,PUNJAB MAIL    ,14,KKN ,KHIRKIYA       ,5:48:00,5:50:00,644
12137,PUNJAB MAIL    ,15,HD  ,HARDA          ,6:18:00,6:20:00,676
12137,PUNJAB MAIL    ,16,BPF ,BANAPURA       ,6:50:00,6:52:00,718
12137,PUNJAB MAIL    ,17,ET  ,ITARSI JN      ,7:35:00,7:40:00,752
12137,PUNJAB MAIL    ,18,HBD ,HOSHANGABAD    ,7:58:00,8:00:00,769
12137,PUNJAB MAIL    ,19,HBJ ,HABIBGANJ      ,9:10:00,9:12:00,837
12137,PUNJAB MAIL    ,20,BPL ,BHOPAL  JN     ,9:35:00,9:40:00,843
12137,PUNJAB MAIL    ,21,BHS ,VIDISHA        ,10:17:00,10:19:00,896
12137,PUNJAB MAIL    ,22,BAQ ,GANJ BASODA    ,10:48:00,10:50:00,936
12137,PUNJAB MAIL    ,23,BINA,BINA JN        ,12:00:00,12:05:00,982
12137,PUNJAB MAIL    ,24,LAR ,LALITPUR       ,12:57:00,12:59:00,1044
12137,PUNJAB MAIL    ,25,BAB ,BABINA         ,13:42:00,13:44:00,1109
12137,PUNJAB MAIL    ,26,JHS ,JHANSI JN      ,14:20:00,14:30:00,1134
12137,PUNJAB MAIL    ,27,DAA ,DATIA          ,14:50:00,14:52:00,1159
12137,PUNJAB MAIL    ,28,DBA ,DABRA          ,15:14:00,15:16:00,1189
12137,PUNJAB MAIL    ,29,GWL ,GWALIOR        ,15:55:00,16:00:00,1231
12137,PUNJAB MAIL    ,30,MRA ,MORENA         ,16:25:00,16:27:00,1270
12137,PUNJAB MAIL    ,31,DHO ,DHAULPUR       ,16:50:00,16:52:00,1297
12137,PUNJAB MAIL    ,32,AGC ,AGRA CANTT     ,17:50:00,17:55:00,1350
12137,PUNJAB MAIL    ,33,RKM ,RAJA KI MANDI  ,18:02:00,18:04:00,1354
12137,PUNJAB MAIL    ,34,MTJ ,MATHURA JN     ,18:42:00,18:45:00,1403
12137,PUNJAB MAIL    ,35,KSV ,KOSI KALAN     ,19:13:00,19:15:00,1444
12137,PUNJAB MAIL    ,36,FDB ,FARIDABAD      ,20:24:00,20:26:00,1516
12137,PUNJAB MAIL    ,37,NZM ,H NIZAMUDDIN   ,20:51:00,20:53:00,1537
12137,PUNJAB MAIL    ,38,NDLS,NEW DELHI      ,21:15:00,21:50:00,1544
12137,PUNJAB MAIL    ,39,DKZ ,DELHI KISHANGNJ,22:06:00,22:08:00,1548
12137,PUNJAB MAIL    ,40,SSB ,SHAKURBASTI    ,22:20:00,22:22:00,1555
12137,PUNJAB MAIL    ,41,BGZ ,BAHADURGARH    ,22:40:00,22:42:00,1575
12137,PUNJAB MAIL    ,42,ROK ,ROHTAK JN      ,23:20:00,23:23:00,1615
12137,PUNJAB MAIL    ,43,JIND,JIND JN        ,0:13:00,0:15:00,1672
12137,PUNJAB MAIL    ,44,NRW ,NARWANA JN     ,0:38:00,0:40:00,1706
12137,PUNJAB MAIL    ,45,TUN ,TOHANA         ,0:57:00,0:59:00,1732
12137,PUNJAB MAIL    ,46,JHL ,JAKHAL JN      ,1:18:00,1:20:00,1744
12137,PUNJAB MAIL    ,47,BRZ ,BARETA         ,1:33:00,1:35:00,1758
12137,PUNJAB MAIL    ,48,BLZ ,BUDHLADA       ,1:46:00,1:48:00,1774
12137,PUNJAB MAIL    ,49,MSZ ,MANSA          ,2:01:00,2:03:00,1789
12137,PUNJAB MAIL    ,50,MAUR,MAUR           ,2:23:00,2:25:00,1808
12137,PUNJAB MAIL    ,51,BTI ,BHATINDA JN    ,3:40:00,3:50:00,1842
12137,PUNJAB MAIL    ,52,GNA ,GONEANA B JAGTA,4:01:00,4:03:00,1854
12137,PUNJAB MAIL    ,53,GJUT,GANGSAR JAITU  ,4:16:00,4:18:00,1869
12137,PUNJAB MAIL    ,54,KKP ,KOT KAPURA     ,4:35:00,4:37:00,1885
12137,PUNJAB MAIL    ,55,FDK ,FARIDKOT       ,4:49:00,4:51:00,1897
12137,PUNJAB MAIL    ,56,FZR ,FIROZPUR CANT  ,5:50:00,0:00:00,1930
12138,PUNJAB MAIL    ,1,FZR ,FIROZPUR CANT  ,0:00:00,21:40:00,0
12138,PUNJAB MAIL    ,2,FDK ,FARIDKOT       ,22:05:00,22:07:00,33
12138,PUNJAB MAIL    ,3,KKP ,KOT KAPURA     ,22:21:00,22:23:00,45
12138,PUNJAB MAIL    ,4,GJUT,GANGSAR JAITU  ,22:38:00,22:40:00,61
12138,PUNJAB MAIL    ,5,GNA ,GONEANA B JAGTA,22:54:00,22:56:00,76
12138,PUNJAB MAIL    ,6,BTI ,BHATINDA JN    ,23:25:00,23:35:00,88
12138,PUNJAB MAIL    ,7,MAUR,MAUR           ,0:02:00,0:04:00,122
12138,PUNJAB MAIL    ,8,MSZ ,MANSA          ,0:19:00,0:21:00,141
12138,PUNJAB MAIL    ,9,BLZ ,BUDHLADA       ,0:35:00,0:37:00,157
12138,PUNJAB MAIL    ,10,BRZ ,BARETA         ,0:50:00,0:52:00,172
12138,PUNJAB MAIL    ,11,JHL ,JAKHAL JN      ,1:08:00,1:10:00,186
12138,PUNJAB MAIL    ,12,TUN ,TOHANA         ,1:24:00,1:26:00,198
12138,PUNJAB MAIL    ,13,NRW ,NARWANA JN     ,1:45:00,1:47:00,224
12138,PUNJAB MAIL    ,14,JIND,JIND JN        ,2:20:00,2:23:00,258
12138,PUNJAB MAIL    ,15,ROK ,ROHTAK JN      ,3:12:00,3:14:00,315
12138,PUNJAB MAIL    ,16,BGZ ,BAHADURGARH    ,3:44:00,3:46:00,355
12138,PUNJAB MAIL    ,17,SSB ,SHAKURBASTI    ,4:11:00,4:13:00,375
12138,PUNJAB MAIL    ,18,DKZ ,DELHI KISHANGNJ,4:25:00,4:27:00,382
12138,PUNJAB MAIL    ,19,NDLS,NEW DELHI      ,4:50:00,5:15:00,386
12138,PUNJAB MAIL    ,20,FDB ,FARIDABAD      ,5:44:00,5:46:00,414
12138,PUNJAB MAIL    ,21,KSV ,KOSI KALAN     ,6:57:00,6:59:00,486
12138,PUNJAB MAIL    ,22,MTJ ,MATHURA JN     ,7:37:00,7:40:00,527
12138,PUNJAB MAIL    ,23,RKM ,RAJA KI MANDI  ,8:21:00,8:23:00,577
12138,PUNJAB MAIL    ,24,AGC ,AGRA CANTT     ,8:50:00,8:55:00,580
12138,PUNJAB MAIL    ,25,DHO ,DHAULPUR       ,9:30:00,9:32:00,633
12138,PUNJAB MAIL    ,26,MRA ,MORENA         ,9:55:00,9:57:00,660
12138,PUNJAB MAIL    ,27,GWL ,GWALIOR        ,10:28:00,10:33:00,699
12138,PUNJAB MAIL    ,28,DBA ,DABRA          ,11:11:00,11:13:00,741
12138,PUNJAB MAIL    ,29,DAA ,DATIA          ,11:34:00,11:36:00,771
12138,PUNJAB MAIL    ,30,JHS ,JHANSI JN      ,12:25:00,12:35:00,796
12138,PUNJAB MAIL    ,31,BAB ,BABINA         ,12:58:00,13:00:00,821
12138,PUNJAB MAIL    ,32,LAR ,LALITPUR       ,13:45:00,13:47:00,886
12138,PUNJAB MAIL    ,33,BINA,BINA JN        ,14:45:00,14:50:00,949
12138,PUNJAB MAIL    ,34,BAQ ,GANJ BASODA    ,15:23:00,15:25:00,994
12138,PUNJAB MAIL    ,35,BHS ,VIDISHA        ,15:52:00,15:54:00,1034
12138,PUNJAB MAIL    ,36,BPL ,BHOPAL  JN     ,16:50:00,16:55:00,1087
12138,PUNJAB MAIL    ,37,HBJ ,HABIBGANJ      ,17:05:00,17:07:00,1093
12138,PUNJAB MAIL    ,38,HBD ,HOSHANGABAD    ,18:05:00,18:07:00,1161
12138,PUNJAB MAIL    ,39,ET  ,ITARSI JN      ,18:35:00,18:40:00,1179
12138,PUNJAB MAIL    ,40,BPF ,BANAPURA       ,19:04:00,19:06:00,1212
12138,PUNJAB MAIL    ,41,HD  ,HARDA          ,19:37:00,19:39:00,1254
12138,PUNJAB MAIL    ,42,KKN ,KHIRKIYA       ,20:04:00,20:06:00,1286
12138,PUNJAB MAIL    ,43,KNW ,KHANDWA        ,21:40:00,21:45:00,1362
12138,PUNJAB MAIL    ,44,BAU ,BURHANPUR      ,22:33:00,22:35:00,1431
12138,PUNJAB MAIL    ,45,BSL ,BHUSAVAL JN    ,23:25:00,23:35:00,1485
12138,PUNJAB MAIL    ,46,JL  ,JALGAON JN     ,23:59:00,0:01:00,1510
12138,PUNJAB MAIL    ,47,CSN ,CHALISGAON JN  ,0:59:00,1:01:00,1602
12138,PUNJAB MAIL    ,48,MMR ,MANMAD JN      ,1:50:00,1:55:00,1669
12138,PUNJAB MAIL    ,49,NK  ,NASIK ROAD     ,2:48:00,2:50:00,1743
12138,PUNJAB MAIL    ,50,DVL ,DEVLALI        ,2:58:00,3:00:00,1748
12138,PUNJAB MAIL    ,51,IGP ,IGATPURI       ,4:28:00,4:30:00,1793
12138,PUNJAB MAIL    ,52,KYN ,KALYAN JN      ,6:20:00,6:25:00,1876
12138,PUNJAB MAIL    ,53,DR  ,DADAR          ,7:03:00,7:05:00,1921
12138,PUNJAB MAIL    ,54,CSTM,MUMBAI CST     ,7:35:00,0:00:00,1930
12139,SEWAGRAM  EXP  ,1,CSTM,MUMBAI CST     ,0:00:00,15:00:00,0
12139,SEWAGRAM  EXP  ,1,WR  ,WARDHA JN      ,4:10:00,7:15:00,758
12139,SEWAGRAM  EXP  ,2,BPK ,BHUGAON        ,7:29:00,7:30:00,769
12139,SEWAGRAM  EXP  ,2,DR  ,DADAR          ,15:08:00,15:10:00,9
12139,SEWAGRAM  EXP  ,3,SNN ,SONEGAON       ,7:38:00,7:39:00,776
12139,SEWAGRAM  EXP  ,3,TNA ,THANE          ,15:33:00,15:35:00,34
12139,SEWAGRAM  EXP  ,4,HGT ,HINGANGHAT     ,8:01:00,8:02:00,793
12139,SEWAGRAM  EXP  ,4,KYN ,KALYAN JN      ,15:55:00,15:58:00,54
12139,SEWAGRAM  EXP  ,5,KSRA,KASARA         ,17:03:00,17:05:00,121
12139,SEWAGRAM  EXP  ,5,NGI ,NAGARI         ,8:21:00,8:22:00,808
12139,SEWAGRAM  EXP  ,6,CKNI,CHIKNI ROAD    ,8:33:00,8:34:00,821
12139,SEWAGRAM  EXP  ,6,IGP ,IGATPURI       ,17:45:00,17:50:00,137
12139,SEWAGRAM  EXP  ,7,DVL ,DEVLALI        ,18:23:00,18:25:00,182
12139,SEWAGRAM  EXP  ,7,WRR ,WARORA         ,8:44:00,8:45:00,831
12139,SEWAGRAM  EXP  ,8,MJRI,MAJRI JN       ,8:55:00,8:56:00,843
12139,SEWAGRAM  EXP  ,8,NK  ,NASIK ROAD     ,18:33:00,18:35:00,188
12139,SEWAGRAM  EXP  ,9,BUX ,BHANDAK        ,9:06:00,9:07:00,853
12139,SEWAGRAM  EXP  ,9,NR  ,NIPHAD         ,18:58:00,19:00:00,219
12139,SEWAGRAM  EXP  ,10,LS  ,LASALGAON      ,19:18:00,19:20:00,236
12139,SEWAGRAM  EXP  ,10,TAE ,TADALI         ,9:15:00,9:16:00,862
12139,SEWAGRAM  EXP  ,11,CD  ,CHANDRAPUR     ,9:36:00,9:37:00,877
12139,SEWAGRAM  EXP  ,11,MMR ,MANMAD JN      ,19:45:00,19:50:00,261
12139,SEWAGRAM  EXP  ,12,BUPH,BABUPETH       ,9:49:00,9:50:00,882
12139,SEWAGRAM  EXP  ,12,NGN ,NANDGAON       ,20:08:00,20:10:00,286
12139,SEWAGRAM  EXP  ,13,CSN ,CHALISGAON JN  ,20:38:00,20:40:00,328
12139,SEWAGRAM  EXP  ,13,GNVR,GONDWANAVISAPUR,9:53:00,9:55:00,886
12139,SEWAGRAM  EXP  ,14,BPQ ,BALHARSHAH     ,10:40:00,0:00:00,891
12139,SEWAGRAM  EXP  ,14,PC  ,PACHORA JN     ,21:08:00,21:10:00,373
12139,SEWAGRAM  EXP  ,15,JL  ,JALGAON JN     ,21:48:00,21:50:00,420
12139,SEWAGRAM  EXP  ,16,BSL ,BHUSAVAL JN    ,22:15:00,22:25:00,445
12139,SEWAGRAM  EXP  ,17,VNA ,VARANGAON      ,22:43:00,22:45:00,457
12139,SEWAGRAM  EXP  ,18,BDWD,BODWAD         ,22:58:00,23:00:00,475
12139,SEWAGRAM  EXP  ,19,MKU ,MALKAPUR       ,23:17:00,23:19:00,495
12139,SEWAGRAM  EXP  ,20,NN  ,NANDURA        ,23:38:00,23:40:00,523
12139,SEWAGRAM  EXP  ,21,JM  ,JALAMB JN      ,0:08:00,0:10:00,535
12139,SEWAGRAM  EXP  ,22,SEG ,SHEGAON        ,0:18:00,0:20:00,547
12139,SEWAGRAM  EXP  ,23,AK  ,AKOLA JN       ,1:00:00,1:05:00,584
12139,SEWAGRAM  EXP  ,24,MZR ,MURTAJAPUR     ,1:35:00,1:37:00,622
12139,SEWAGRAM  EXP  ,25,BD  ,BADNERA JN     ,2:35:00,2:40:00,663
12139,SEWAGRAM  EXP  ,26,CND ,CHANDUR        ,3:05:00,3:07:00,692
12139,SEWAGRAM  EXP  ,27,DMN ,DHAMANGAON     ,3:20:00,3:22:00,709
12139,SEWAGRAM  EXP  ,28,PLO ,PULGAON JN     ,3:37:00,3:39:00,729
12139,SEWAGRAM  EXP  ,29,WR  ,WARDHA JN      ,4:10:00,4:20:00,758
12139,SEWAGRAM  EXP  ,30,SEGM,SEVAGRAM       ,4:25:00,4:27:00,761
12139,SEWAGRAM  EXP  ,31,SNI ,SINDI          ,4:48:00,4:50:00,791
12139,SEWAGRAM  EXP  ,32,AJNI,AJNI           ,5:35:00,5:37:00,834
12139,SEWAGRAM  EXP  ,33,NGP ,NAGPUR         ,6:10:00,0:00:00,837
12140,SEWAGRAM  EXP  ,1,NGP ,NAGPUR         ,0:00:00,21:00:00,0
12140,SEWAGRAM  EXP  ,2,AJNI,AJNI           ,21:06:00,21:08:00,3
12140,SEWAGRAM  EXP  ,3,SNI ,SINDI          ,21:37:00,21:39:00,46
12140,SEWAGRAM  EXP  ,4,SEGM,SEVAGRAM       ,22:03:00,22:05:00,77
12140,SEWAGRAM  EXP  ,5,WR  ,WARDHA JN      ,22:10:00,22:35:00,79
12140,SEWAGRAM  EXP  ,6,PLO ,PULGAON JN     ,22:58:00,23:00:00,109
12140,SEWAGRAM  EXP  ,7,DMN ,DHAMANGAON     ,23:17:00,23:19:00,129
12140,SEWAGRAM  EXP  ,8,CND ,CHANDUR        ,23:33:00,23:35:00,145
12140,SEWAGRAM  EXP  ,9,BD  ,BADNERA JN     ,0:20:00,0:23:00,175
12140,SEWAGRAM  EXP  ,10,MZR ,MURTAJAPUR     ,0:54:00,0:55:00,216
12140,SEWAGRAM  EXP  ,11,AK  ,AKOLA JN       ,1:20:00,1:25:00,253
12140,SEWAGRAM  EXP  ,12,SEG ,SHEGAON        ,1:53:00,1:55:00,291
12140,SEWAGRAM  EXP  ,13,JM  ,JALAMB JN      ,2:03:00,2:05:00,303
12140,SEWAGRAM  EXP  ,14,NN  ,NANDURA        ,2:13:00,2:15:00,315
12140,SEWAGRAM  EXP  ,15,MKU ,MALKAPUR       ,2:38:00,2:40:00,343
12140,SEWAGRAM  EXP  ,16,BDWD,BODWAD         ,2:55:00,2:57:00,363
12140,SEWAGRAM  EXP  ,17,VNA ,VARANGAON      ,3:13:00,3:15:00,381
12140,SEWAGRAM  EXP  ,18,BSL ,BHUSAVAL JN    ,3:40:00,3:50:00,393
12140,SEWAGRAM  EXP  ,19,JL  ,JALGAON JN     ,4:18:00,4:20:00,417
12140,SEWAGRAM  EXP  ,20,PC  ,PACHORA JN     ,4:53:00,4:55:00,465
12140,SEWAGRAM  EXP  ,21,CSN ,CHALISGAON JN  ,5:27:00,5:30:00,510
12140,SEWAGRAM  EXP  ,22,NGN ,NANDGAON       ,5:58:00,6:00:00,552
12140,SEWAGRAM  EXP  ,23,MMR ,MANMAD JN      ,6:22:00,6:25:00,577
12140,SEWAGRAM  EXP  ,24,LS  ,LASALGAON      ,6:43:00,6:45:00,602
12140,SEWAGRAM  EXP  ,25,NR  ,NIPHAD         ,6:58:00,7:00:00,619
12140,SEWAGRAM  EXP  ,26,NK  ,NASIK ROAD     ,7:27:00,7:30:00,650
12140,SEWAGRAM  EXP  ,27,DVL ,DEVLALI        ,7:38:00,7:40:00,656
12140,SEWAGRAM  EXP  ,28,IGP ,IGATPURI       ,8:50:00,8:55:00,701
12140,SEWAGRAM  EXP  ,29,KSRA,KASARA         ,9:33:00,9:35:00,717
12140,SEWAGRAM  EXP  ,30,KYN ,KALYAN JN      ,10:37:00,10:40:00,784
12140,SEWAGRAM  EXP  ,31,TNA ,THANE          ,11:03:00,11:05:00,804
12140,SEWAGRAM  EXP  ,32,DR  ,DADAR          ,11:30:00,11:33:00,828
12140,SEWAGRAM  EXP  ,33,CSTM,MUMBAI CST     ,12:00:00,0:00:00,837
12141,RAJENDRA NGR EX,1,LTT ,LOKMANYATILAK T,0:00:00,23:35:00,0
12141,RAJENDRA NGR EX,2,KYN ,KALYAN JN      ,0:18:00,0:21:00,38
12141,RAJENDRA NGR EX,3,NK  ,NASIK ROAD     ,2:58:00,3:00:00,172
12141,RAJENDRA NGR EX,4,MMR ,MANMAD JN      ,3:58:00,4:00:00,245
12141,RAJENDRA NGR EX,5,JL  ,JALGAON JN     ,5:38:00,5:40:00,405
12141,RAJENDRA NGR EX,6,BSL ,BHUSAVAL JN    ,6:05:00,6:20:00,429
12141,RAJENDRA NGR EX,7,JBP ,JABALPUR       ,14:15:00,14:25:00,981
12141,RAJENDRA NGR EX,8,STA ,SATNA          ,17:15:00,17:25:00,1170
12141,RAJENDRA NGR EX,9,MGS ,MUGHAL SARAI JN,0:30:00,0:40:00,1483
12141,RAJENDRA NGR EX,10,BXR ,BUXAR          ,1:54:00,1:56:00,1577
12141,RAJENDRA NGR EX,11,ARA ,ARA            ,2:39:00,2:41:00,1646
12141,RAJENDRA NGR EX,12,PNBE,PATNA JN       ,4:15:00,4:25:00,1695
12141,RAJENDRA NGR EX,13,RJPB,RAJENDRANAGAR T,4:40:00,0:00:00,1697
12142,RJPB LTT EXP   ,1,RJPB,RAJENDRANAGAR T,0:00:00,10:40:00,0
12142,RJPB LTT EXP   ,2,PNBE,PATNA JN       ,11:00:00,11:10:00,3
12142,RJPB LTT EXP   ,3,ARA ,ARA            ,12:10:00,12:12:00,52
12142,RJPB LTT EXP   ,4,BXR ,BUXAR          ,13:00:00,13:02:00,121
12142,RJPB LTT EXP   ,5,MGS ,MUGHAL SARAI JN,14:35:00,14:50:00,215
12142,RJPB LTT EXP   ,6,STA ,SATNA          ,20:10:00,20:20:00,528
12142,RJPB LTT EXP   ,7,JBP ,JABALPUR       ,23:00:00,23:10:00,717
12142,RJPB LTT EXP   ,8,BSL ,BHUSAVAL JN    ,7:25:00,7:40:00,1269
12142,RJPB LTT EXP   ,9,MMR ,MANMAD JN      ,9:53:00,9:55:00,1453
12142,RJPB LTT EXP   ,10,NK  ,NASIK ROAD     ,10:59:00,11:00:00,1526
12142,RJPB LTT EXP   ,11,KYN ,KALYAN JN      ,14:12:00,14:15:00,1660
12142,RJPB LTT EXP   ,12,LTT ,LOKMANYATILAK T,15:15:00,0:00:00,1697
12143,LTT SLN SUP EXP,1,LTT ,LOKMANYATILAK T,0:00:00,16:40:00,0
12143,LTT SLN SUP EXP,2,NK  ,NASIK ROAD     ,20:43:00,20:45:00,172
12143,LTT SLN SUP EXP,3,MMR ,MANMAD JN      ,21:40:00,21:45:00,245
12143,LTT SLN SUP EXP,4,BSL ,BHUSAVAL JN    ,0:10:00,0:25:00,429
12143,LTT SLN SUP EXP,5,KNW ,KHANDWA        ,2:30:00,2:35:00,552
12143,LTT SLN SUP EXP,6,BPL ,BHOPAL  JN     ,7:10:00,7:20:00,827
12143,LTT SLN SUP EXP,7,BINA,BINA JN        ,9:35:00,9:40:00,966
12143,LTT SLN SUP EXP,8,JHS ,JHANSI JN      ,12:15:00,12:32:00,1118
12143,LTT SLN SUP EXP,9,ORAI,ORAI           ,13:48:00,13:50:00,1232
12143,LTT SLN SUP EXP,10,CNB ,KANPUR CENTRAL ,15:40:00,15:45:00,1338
12143,LTT SLN SUP EXP,11,LKO ,LUCKNOW NR     ,17:15:00,17:25:00,1412
12143,LTT SLN SUP EXP,12,NHH ,NIHALGARH      ,18:52:00,18:54:00,1501
12143,LTT SLN SUP EXP,13,MFKA,MUSAFIR KHANA  ,19:08:00,19:10:00,1520
12143,LTT SLN SUP EXP,14,SLN ,SULTANPUR      ,19:50:00,0:00:00,1551
12144,SLN LTT SF     ,1,SLN ,SULTANPUR      ,0:00:00,23:55:00,0
12144,SLN LTT SF     ,2,MFKA,MUSAFIR KHANA  ,0:19:00,0:21:00,32
12144,SLN LTT SF     ,3,NHH ,NIHALGARH      ,0:36:00,0:38:00,51
12144,SLN LTT SF     ,4,LKO ,LUCKNOW NR     ,2:25:00,2:35:00,140
12144,SLN LTT SF     ,5,CNB ,KANPUR CENTRAL ,4:15:00,4:25:00,214
12144,SLN LTT SF     ,6,ORAI,ORAI           ,6:16:00,6:18:00,320
12144,SLN LTT SF     ,7,JHS ,JHANSI JN      ,10:13:00,10:25:00,434
12144,SLN LTT SF     ,8,BINA,BINA JN        ,12:45:00,12:50:00,586
12144,SLN LTT SF     ,9,BPL ,BHOPAL  JN     ,14:35:00,14:45:00,725
12144,SLN LTT SF     ,10,KNW ,KHANDWA        ,18:45:00,18:50:00,1000
12144,SLN LTT SF     ,11,BSL ,BHUSAVAL JN    ,20:25:00,20:35:00,1123
12144,SLN LTT SF     ,12,MMR ,MANMAD JN      ,22:42:00,22:45:00,1307
12144,SLN LTT SF     ,13,NK  ,NASIK ROAD     ,23:43:00,23:45:00,1380
12144,SLN LTT SF     ,14,LTT ,LOKMANYATILAK T,4:10:00,0:00:00,1551
12145,LTT PURI SUP EX,1,LTT ,LOKMANYATILAK T,0:00:00,20:35:00,0
12145,LTT PURI SUP EX,2,KYN ,KALYAN JN      ,21:15:00,21:18:00,38
12145,LTT PURI SUP EX,3,IGP ,IGATPURI       ,22:58:00,23:00:00,121
12145,LTT PURI SUP EX,4,NK  ,NASIK ROAD     ,23:48:00,23:50:00,172
12145,LTT PURI SUP EX,5,BSL ,BHUSAVAL JN    ,3:00:00,3:10:00,429
12145,LTT PURI SUP EX,6,AK  ,AKOLA JN       ,4:45:00,4:50:00,569
12145,LTT PURI SUP EX,7,BD  ,BADNERA JN     ,7:10:00,7:15:00,647
12145,LTT PURI SUP EX,8,NGP ,NAGPUR         ,10:50:00,11:05:00,821
12145,LTT PURI SUP EX,9,G   ,GONDIA JN      ,12:41:00,12:43:00,951
12145,LTT PURI SUP EX,10,DURG,DURG           ,14:50:00,14:55:00,1085
12145,LTT PURI SUP EX,11,R   ,RAIPUR JN      ,15:35:00,15:55:00,1122
12145,LTT PURI SUP EX,12,MSMD,MAHASAMUND     ,16:50:00,16:52:00,1176
12145,LTT PURI SUP EX,13,KRAR,KHARIAR ROAD   ,17:40:00,17:42:00,1227
12145,LTT PURI SUP EX,14,KBJ ,KANTABANJI     ,18:35:00,18:40:00,1291
12145,LTT PURI SUP EX,15,TIG ,TITLAGARH      ,19:25:00,19:50:00,1325
12145,LTT PURI SUP EX,16,BUDM,BADMAL         ,20:12:00,20:14:00,1345
12145,LTT PURI SUP EX,17,BLGR,BALANGIR       ,20:50:00,20:55:00,1388
12145,LTT PURI SUP EX,18,BRGA,BARGARH ROAD   ,21:45:00,21:47:00,1464
12145,LTT PURI SUP EX,19,SBP ,SAMBALPUR      ,22:50:00,23:00:00,1506
12145,LTT PURI SUP EX,20,SBPD,SAMBALPUR ROAD ,23:05:00,23:07:00,1508
12145,LTT PURI SUP EX,21,ANGL,ANGUL          ,2:00:00,2:02:00,1663
12145,LTT PURI SUP EX,22,TLHR,TALCHER        ,2:35:00,3:00:00,1680
12145,LTT PURI SUP EX,23,DNKL,DHENKANAL      ,3:50:00,3:52:00,1733
12145,LTT PURI SUP EX,24,CTC ,CUTTACK        ,4:45:00,4:50:00,1790
12145,LTT PURI SUP EX,25,BBS ,BHUBANESWAR    ,5:30:00,5:35:00,1817
12145,LTT PURI SUP EX,26,KUR ,KHURDA ROAD JN ,6:10:00,6:15:00,1836
12145,LTT PURI SUP EX,27,PURI,PURI           ,7:45:00,0:00:00,1880
12146,PURI LTT SUP EX,1,PURI,PURI           ,0:00:00,21:25:00,0
12146,PURI LTT SUP EX,2,KUR ,KHURDA ROAD JN ,22:30:00,22:35:00,44
12146,PURI LTT SUP EX,3,BBS ,BHUBANESWAR    ,23:00:00,23:05:00,63
12146,PURI LTT SUP EX,4,CTC ,CUTTACK        ,23:30:00,23:35:00,91
12146,PURI LTT SUP EX,5,NRG ,NERGUNDI       ,23:55:00,23:56:00,102
12146,PURI LTT SUP EX,6,DNKL,DHENKANAL      ,0:31:00,0:32:00,148
12146,PURI LTT SUP EX,7,TLHR,TALCHER        ,1:15:00,1:40:00,200
12146,PURI LTT SUP EX,8,ANGL,ANGUL          ,2:25:00,2:27:00,218
12146,PURI LTT SUP EX,9,SBPD,SAMBALPUR ROAD ,4:29:00,4:30:00,373
12146,PURI LTT SUP EX,10,SBP ,SAMBALPUR      ,5:10:00,5:20:00,375
12146,PURI LTT SUP EX,11,BRGA,BARGARH ROAD   ,5:55:00,5:57:00,417
12146,PURI LTT SUP EX,12,BLGR,BALANGIR       ,6:53:00,6:58:00,493
12146,PURI LTT SUP EX,13,BUDM,BADMAL         ,7:29:00,7:30:00,536
12146,PURI LTT SUP EX,14,TIG ,TITLAGARH      ,8:15:00,8:40:00,556
12146,PURI LTT SUP EX,15,KBJ ,KANTABANJI     ,9:07:00,9:17:00,589
12146,PURI LTT SUP EX,16,KRAR,KHARIAR ROAD   ,10:11:00,10:12:00,654
12146,PURI LTT SUP EX,17,MSMD,MAHASAMUND     ,11:01:00,11:02:00,705
12146,PURI LTT SUP EX,18,R   ,RAIPUR JN      ,12:30:00,12:55:00,759
12146,PURI LTT SUP EX,19,DURG,DURG           ,13:45:00,13:50:00,796
12146,PURI LTT SUP EX,20,G   ,GONDIA JN      ,15:38:00,15:40:00,929
12146,PURI LTT SUP EX,21,NGP ,NAGPUR         ,17:50:00,18:00:00,1059
12146,PURI LTT SUP EX,22,BD  ,BADNERA JN     ,20:45:00,20:48:00,1234
12146,PURI LTT SUP EX,23,AK  ,AKOLA JN       ,21:40:00,21:45:00,1312
12146,PURI LTT SUP EX,24,BSL ,BHUSAVAL JN    ,23:40:00,23:50:00,1452
12146,PURI LTT SUP EX,25,NK  ,NASIK ROAD     ,3:24:00,3:25:00,1709
12146,PURI LTT SUP EX,26,IGP ,IGATPURI       ,4:39:00,4:40:00,1760
12146,PURI LTT SUP EX,27,KYN ,KALYAN JN      ,6:27:00,6:30:00,1843
12146,PURI LTT SUP EX,28,LTT ,LOKMANYATILAK T,7:30:00,0:00:00,1880
12147,NIZAMUDDIN EXP ,1,KOP ,C SHAHUMHARAJ T,0:00:00,9:05:00,0
12147,NIZAMUDDIN EXP ,2,MRJ ,MIRAJ JN       ,10:15:00,10:20:00,48
12147,NIZAMUDDIN EXP ,3,SLI ,SANGLI         ,10:32:00,10:35:00,55
12147,NIZAMUDDIN EXP ,4,KRD ,KARAD          ,11:38:00,11:40:00,123
12147,NIZAMUDDIN EXP ,5,STR ,SATARA         ,12:35:00,12:38:00,181
12147,NIZAMUDDIN EXP ,6,PUNE,PUNE JN        ,15:55:00,16:10:00,327
12147,NIZAMUDDIN EXP ,7,URI ,URULI          ,16:40:00,16:41:00,355
12147,NIZAMUDDIN EXP ,7,URI ,URULI          ,16:36:00,16:37:00,355
12147,NIZAMUDDIN EXP ,8,DD  ,DAUND JN       ,17:30:00,17:45:00,402
12147,NIZAMUDDIN EXP ,9,ANG ,AHMADNAGAR     ,19:02:00,19:05:00,486
12147,NIZAMUDDIN EXP ,10,BAP ,BELAPUR        ,20:08:00,20:10:00,553
12147,NIZAMUDDIN EXP ,11,KPG ,KOPARGAON      ,20:43:00,20:45:00,597
12147,NIZAMUDDIN EXP ,12,MMR ,MANMAD JN      ,21:50:00,21:55:00,639
12147,NIZAMUDDIN EXP ,13,BSL ,BHUSAVAL JN    ,0:10:00,0:25:00,823
12147,NIZAMUDDIN EXP ,14,KNW ,KHANDWA        ,2:15:00,2:20:00,946
12147,NIZAMUDDIN EXP ,15,ET  ,ITARSI JN      ,4:40:00,4:45:00,1130
12147,NIZAMUDDIN EXP ,16,BPL ,BHOPAL  JN     ,6:25:00,6:30:00,1221
12147,NIZAMUDDIN EXP ,17,BINA,BINA JN        ,8:20:00,8:25:00,1360
12147,NIZAMUDDIN EXP ,18,JHS ,JHANSI JN      ,10:28:00,10:38:00,1512
12147,NIZAMUDDIN EXP ,19,GWL ,GWALIOR        ,11:52:00,11:57:00,1609
12147,NIZAMUDDIN EXP ,20,AGC ,AGRA CANTT     ,14:00:00,14:05:00,1728
12147,NIZAMUDDIN EXP ,21,RKM ,RAJA KI MANDI  ,14:12:00,14:14:00,1732
12147,NIZAMUDDIN EXP ,22,MTJ ,MATHURA JN     ,14:55:00,15:00:00,1782
12147,NIZAMUDDIN EXP ,23,NZM ,H NIZAMUDDIN   ,17:10:00,0:00:00,1915
12148,NZM KOP EXP    ,1,NZM ,H NIZAMUDDIN   ,0:00:00,5:55:00,0
12148,NZM KOP EXP    ,2,MTJ ,MATHURA JN     ,7:55:00,8:00:00,134
12148,NZM KOP EXP    ,3,RKM ,RAJA KI MANDI  ,8:38:00,8:40:00,184
12148,NZM KOP EXP    ,4,AGC ,AGRA CANTT     ,9:10:00,9:15:00,188
12148,NZM KOP EXP    ,5,GWL ,GWALIOR        ,10:56:00,11:01:00,306
12148,NZM KOP EXP    ,6,JHS ,JHANSI JN      ,12:35:00,12:45:00,403
12148,NZM KOP EXP    ,7,BINA,BINA JN        ,15:00:00,15:05:00,556
12148,NZM KOP EXP    ,8,BPL ,BHOPAL  JN     ,17:05:00,17:10:00,694
12148,NZM KOP EXP    ,9,ET  ,ITARSI JN      ,18:50:00,18:55:00,786
12148,NZM KOP EXP    ,10,KNW ,KHANDWA        ,21:55:00,22:00:00,969
12148,NZM KOP EXP    ,11,BSL ,BHUSAVAL JN    ,23:45:00,23:55:00,1093
12148,NZM KOP EXP    ,12,MMR ,MANMAD JN      ,2:10:00,2:15:00,1277
12148,NZM KOP EXP    ,13,KPG ,KOPARGAON      ,3:48:00,3:50:00,1318
12148,NZM KOP EXP    ,14,BAP ,BELAPUR        ,4:33:00,4:35:00,1363
12148,NZM KOP EXP    ,15,ANG ,AHMADNAGAR     ,5:32:00,5:35:00,1429
12148,NZM KOP EXP    ,16,DD  ,DAUND JN       ,7:40:00,7:55:00,1513
12148,NZM KOP EXP    ,17,URI ,URULI          ,8:32:00,8:34:00,1561
12148,NZM KOP EXP    ,18,PUNE,PUNE JN        ,9:15:00,9:30:00,1589
12148,NZM KOP EXP    ,19,STR ,SATARA         ,12:05:00,12:08:00,1734
12148,NZM KOP EXP    ,20,KRD ,KARAD          ,13:06:00,13:08:00,1793
12148,NZM KOP EXP    ,21,SLI ,SANGLI         ,14:15:00,14:18:00,1861
12148,NZM KOP EXP    ,22,MRJ ,MIRAJ JN       ,14:37:00,14:40:00,1868
12148,NZM KOP EXP    ,23,KOP ,C SHAHUMHARAJ T,16:20:00,0:00:00,1915
12149,PUNE PATNA EXP ,1,PUNE,PUNE JN        ,0:00:00,20:55:00,0
12149,PUNE PATNA EXP ,2,DD  ,DAUND JN       ,22:05:00,22:20:00,76
12149,PUNE PATNA EXP ,3,ANG ,AHMADNAGAR     ,23:37:00,23:40:00,160
12149,PUNE PATNA EXP ,4,BAP ,BELAPUR        ,0:43:00,0:45:00,227
12149,PUNE PATNA EXP ,5,KPG ,KOPARGAON      ,1:27:00,1:30:00,271
12149,PUNE PATNA EXP ,5,KPG ,KOPARGAON      ,1:28:00,1:30:00,271
12149,PUNE PATNA EXP ,6,MMR ,MANMAD JN      ,2:30:00,2:35:00,313
12149,PUNE PATNA EXP ,7,BSL ,BHUSAVAL JN    ,4:40:00,4:50:00,497
12149,PUNE PATNA EXP ,8,BAU ,BURHANPUR      ,5:29:00,5:31:00,551
12149,PUNE PATNA EXP ,9,KNW ,KHANDWA        ,7:10:00,7:15:00,621
12149,PUNE PATNA EXP ,9,KNW ,KHANDWA        ,7:20:00,7:25:00,621
12149,PUNE PATNA EXP ,10,JBP ,JABALPUR       ,13:30:00,13:40:00,1049
12149,PUNE PATNA EXP ,11,KTE ,KATNI          ,14:50:00,14:55:00,1140
12149,PUNE PATNA EXP ,12,MYR ,MAIHAR         ,15:53:00,15:55:00,1203
12149,PUNE PATNA EXP ,13,STA ,SATNA          ,16:25:00,16:35:00,1238
12149,PUNE PATNA EXP ,13,STA ,SATNA          ,16:30:00,16:40:00,1238
12149,PUNE PATNA EXP ,14,ALD ,ALLAHABAD JN   ,21:05:00,21:35:00,1416
12149,PUNE PATNA EXP ,15,NYN ,NAINI          ,22:01:00,22:02:00,1423
12149,PUNE PATNA EXP ,16,COI ,CHEOKI         ,23:00:00,23:02:00,1425
12149,PUNE PATNA EXP ,17,CAR ,CHUNAR         ,23:10:00,23:11:00,1537
12149,PUNE PATNA EXP ,18,JEP ,JEONATHPUR     ,23:45:00,23:46:00,1561
12149,PUNE PATNA EXP ,19,MGS ,MUGHAL SARAI JN,0:15:00,0:25:00,1569
12149,PUNE PATNA EXP ,20,BXR ,BUXAR          ,1:39:00,1:41:00,1663
12149,PUNE PATNA EXP ,21,ARA ,ARA            ,2:24:00,2:26:00,1731
12149,PUNE PATNA EXP ,22,PNBE,PATNA JN       ,4:00:00,0:00:00,1781
12150,PNBE PUNE EXP  ,1,PNBE,PATNA JN       ,0:00:00,22:55:00,0
12150,PNBE PUNE EXP  ,2,ARA ,ARA            ,23:40:00,23:42:00,50
12150,PNBE PUNE EXP  ,3,BXR ,BUXAR          ,0:42:00,0:44:00,118
12150,PNBE PUNE EXP  ,4,MGS ,MUGHAL SARAI JN,2:42:00,2:52:00,212
12150,PNBE PUNE EXP  ,5,MZP ,MIRZAPUR       ,3:10:00,3:11:00,275
12150,PNBE PUNE EXP  ,6,ALD ,ALLAHABAD JN   ,5:10:00,5:30:00,365
12150,PNBE PUNE EXP  ,7,STA ,SATNA          ,8:15:00,8:25:00,543
12150,PNBE PUNE EXP  ,8,MYR ,MAIHAR         ,8:48:00,8:50:00,578
12150,PNBE PUNE EXP  ,9,KTE ,KATNI          ,9:40:00,9:45:00,641
12150,PNBE PUNE EXP  ,10,JBP ,JABALPUR       ,11:20:00,11:30:00,732
12150,PNBE PUNE EXP  ,11,KNW ,KHANDWA        ,17:50:00,17:55:00,1160
12150,PNBE PUNE EXP  ,12,BAU ,BURHANPUR      ,18:44:00,18:45:00,1229
12150,PNBE PUNE EXP  ,13,BSL ,BHUSAVAL JN    ,19:30:00,19:40:00,1284
12150,PNBE PUNE EXP  ,14,MMR ,MANMAD JN      ,22:00:00,22:05:00,1468
12150,PNBE PUNE EXP  ,15,KPG ,KOPARGAON      ,0:04:00,0:05:00,1509
12150,PNBE PUNE EXP  ,16,BAP ,BELAPUR        ,0:44:00,0:45:00,1553
12150,PNBE PUNE EXP  ,17,ANG ,AHMADNAGAR     ,1:50:00,1:53:00,1620
12150,PNBE PUNE EXP  ,18,DD  ,DAUND JN       ,3:55:00,4:10:00,1704
12150,PNBE PUNE EXP  ,19,PUNE,PUNE JN        ,5:30:00,0:00:00,1780
12151,SAMARSATA EXP  ,1,LTT ,LOKMANYATILAK T,0:00:00,20:35:00,0
12151,SAMARSATA EXP  ,2,KYN ,KALYAN JN      ,21:15:00,21:18:00,38
12151,SAMARSATA EXP  ,3,IGP ,IGATPURI       ,23:03:00,23:05:00,121
12151,SAMARSATA EXP  ,4,NK  ,NASIK ROAD     ,23:48:00,23:50:00,172
12151,SAMARSATA EXP  ,5,BSL ,BHUSAVAL JN    ,3:00:00,3:10:00,429
12151,SAMARSATA EXP  ,6,AK  ,AKOLA JN       ,4:45:00,4:50:00,569
12151,SAMARSATA EXP  ,7,BD  ,BADNERA JN     ,7:10:00,7:15:00,647
12151,SAMARSATA EXP  ,8,NGP ,NAGPUR         ,10:50:00,11:05:00,821
12151,SAMARSATA EXP  ,9,G   ,GONDIA JN      ,12:41:00,12:43:00,951
12151,SAMARSATA EXP  ,10,DGG ,DONGARGARH     ,13:41:00,13:43:00,1025
12151,SAMARSATA EXP  ,11,RJN ,RAJ NANDGAON   ,13:56:00,13:58:00,1056
12151,SAMARSATA EXP  ,12,DURG,DURG           ,14:50:00,14:55:00,1085
12151,SAMARSATA EXP  ,13,R   ,RAIPUR JN      ,15:30:00,15:40:00,1122
12151,SAMARSATA EXP  ,14,BSP ,BILASPUR JN    ,17:30:00,17:45:00,1232
12151,SAMARSATA EXP  ,15,RIG ,RAIGARH        ,19:21:00,19:23:00,1365
12151,SAMARSATA EXP  ,16,JSG ,JHARSUGUDA JN  ,20:55:00,21:00:00,1438
12151,SAMARSATA EXP  ,17,ROU ,ROURKELA       ,22:25:00,22:40:00,1539
12151,SAMARSATA EXP  ,18,CKP ,CHAKRADHARPUR  ,0:10:00,0:15:00,1640
12151,SAMARSATA EXP  ,19,PRR ,PURULIA JN     ,2:03:00,2:05:00,1759
12151,SAMARSATA EXP  ,20,ADRA,ADRA JN        ,3:00:00,3:05:00,1798
12151,SAMARSATA EXP  ,21,BQA ,BANKURA        ,3:43:00,3:45:00,1851
12151,SAMARSATA EXP  ,22,MDN ,MIDNAPORE      ,5:18:00,5:20:00,1953
12151,SAMARSATA EXP  ,23,KGP ,KHARAGPUR JN   ,6:03:00,6:05:00,1966
12151,SAMARSATA EXP  ,24,SRC ,SANTRAGACHI JN ,7:42:00,7:44:00,2074
12151,SAMARSATA EXP  ,25,HWH ,HOWRAH JN      ,8:25:00,0:00:00,2081
12152,SAMARSATA EXP  ,1,HWH ,HOWRAH JN      ,0:00:00,21:15:00,0
12152,SAMARSATA EXP  ,2,KGP ,KHARAGPUR JN   ,23:00:00,23:05:00,116
12152,SAMARSATA EXP  ,3,NMP ,NIMPURA        ,23:10:00,23:11:00,122
12152,SAMARSATA EXP  ,4,GKL ,GOKULPUR       ,23:20:00,23:21:00,132
12152,SAMARSATA EXP  ,5,MDN ,MIDNAPORE      ,23:48:00,23:50:00,139
12152,SAMARSATA EXP  ,6,BQA ,BANKURA        ,1:03:00,1:05:00,241
12152,SAMARSATA EXP  ,7,ADRA,ADRA JN        ,1:50:00,1:55:00,294
12152,SAMARSATA EXP  ,8,PRR ,PURULIA JN     ,2:38:00,2:40:00,333
12152,SAMARSATA EXP  ,9,CKP ,CHAKRADHARPUR  ,4:30:00,4:35:00,451
12152,SAMARSATA EXP  ,10,ROU ,ROURKELA       ,6:00:00,6:15:00,552
12152,SAMARSATA EXP  ,11,JSG ,JHARSUGUDA JN  ,7:50:00,7:55:00,654
12152,SAMARSATA EXP  ,12,RIG ,RAIGARH        ,8:41:00,8:43:00,727
12152,SAMARSATA EXP  ,13,BSP ,BILASPUR JN    ,11:00:00,11:15:00,859
12152,SAMARSATA EXP  ,14,R   ,RAIPUR JN      ,12:45:00,12:55:00,970
12152,SAMARSATA EXP  ,15,DURG,DURG           ,13:45:00,13:50:00,1006
12152,SAMARSATA EXP  ,16,RJN ,RAJ NANDGAON   ,14:11:00,14:13:00,1036
12152,SAMARSATA EXP  ,17,G   ,GONDIA JN      ,15:38:00,15:40:00,1140
12152,SAMARSATA EXP  ,18,NGP ,NAGPUR         ,17:50:00,18:00:00,1270
12152,SAMARSATA EXP  ,19,BD  ,BADNERA JN     ,20:45:00,20:48:00,1444
12152,SAMARSATA EXP  ,20,AK  ,AKOLA JN       ,21:40:00,21:45:00,1523
12152,SAMARSATA EXP  ,21,BSL ,BHUSAVAL JN    ,23:40:00,23:50:00,1663
12152,SAMARSATA EXP  ,22,NK  ,NASIK ROAD     ,3:24:00,3:25:00,1920
12152,SAMARSATA EXP  ,23,IGP ,IGATPURI       ,4:39:00,4:40:00,1970
12152,SAMARSATA EXP  ,24,KYN ,KALYAN JN      ,6:27:00,6:30:00,2054
12152,SAMARSATA EXP  ,25,LTT ,LOKMANYATILAK T,7:30:00,0:00:00,2091
12153,HABIBGANJ EXP  ,1,LTT ,LOKMANYATILAK T,0:00:00,16:25:00,0
12153,HABIBGANJ EXP  ,2,TNA ,THANE          ,16:43:00,16:45:00,18
12153,HABIBGANJ EXP  ,3,KYN ,KALYAN JN      ,17:07:00,17:10:00,38
12153,HABIBGANJ EXP  ,4,IGP ,IGATPURI       ,18:48:00,18:50:00,121
12153,HABIBGANJ EXP  ,5,BSL ,BHUSAVAL JN    ,22:30:00,22:40:00,429
12153,HABIBGANJ EXP  ,6,KNW ,KHANDWA        ,1:05:00,1:10:00,552
12153,HABIBGANJ EXP  ,7,HD  ,HARDA          ,2:18:00,2:20:00,660
12153,HABIBGANJ EXP  ,8,ET  ,ITARSI JN      ,3:35:00,3:40:00,736
12153,HABIBGANJ EXP  ,9,HBD ,HOSHANGABAD    ,4:03:00,4:05:00,753
12153,HABIBGANJ EXP  ,10,HBJ ,HABIBGANJ      ,5:30:00,0:00:00,821
12154,HBJ LTT SUP EXP,1,HBJ ,HABIBGANJ      ,0:00:00,18:20:00,0
12154,HBJ LTT SUP EXP,2,HBD ,HOSHANGABAD    ,19:16:00,19:18:00,68
12154,HBJ LTT SUP EXP,3,ET  ,ITARSI JN      ,19:45:00,19:50:00,86
12154,HBJ LTT SUP EXP,4,HD  ,HARDA          ,20:39:00,20:41:00,162
12154,HBJ LTT SUP EXP,5,KNW ,KHANDWA        ,22:25:00,22:30:00,270
12154,HBJ LTT SUP EXP,6,BSL ,BHUSAVAL JN    ,0:05:00,0:15:00,393
12154,HBJ LTT SUP EXP,7,NK  ,NASIK ROAD     ,3:48:00,3:50:00,650
12154,HBJ LTT SUP EXP,8,IGP ,IGATPURI       ,4:38:00,4:40:00,701
12154,HBJ LTT SUP EXP,9,KYN ,KALYAN JN      ,6:27:00,6:30:00,784
12154,HBJ LTT SUP EXP,10,TNA ,THANE          ,6:48:00,6:50:00,804
12154,HBJ LTT SUP EXP,11,LTT ,LOKMANYATILAK T,7:30:00,0:00:00,821
12155,BHOPAL  EXPRESS,1,HBJ ,HABIBGANJ      ,0:00:00,21:05:00,0
12155,BHOPAL  EXPRESS,2,BPL ,BHOPAL  JN     ,21:15:00,21:20:00,7
12155,BHOPAL  EXPRESS,3,BHS ,VIDISHA        ,22:08:00,22:10:00,60
12155,BHOPAL  EXPRESS,4,BAQ ,GANJ BASODA    ,22:39:00,22:41:00,99
12155,BHOPAL  EXPRESS,5,BINA,BINA JN        ,23:32:00,23:35:00,145
12155,BHOPAL  EXPRESS,6,JHS ,JHANSI JN      ,1:35:00,1:45:00,297
12155,BHOPAL  EXPRESS,7,GWL ,GWALIOR        ,2:55:00,3:00:00,395
12155,BHOPAL  EXPRESS,8,MRA ,MORENA         ,3:25:00,3:27:00,433
12155,BHOPAL  EXPRESS,9,AGC ,AGRA CANTT     ,4:47:00,4:50:00,513
12155,BHOPAL  EXPRESS,10,NZM ,H NIZAMUDDIN   ,8:00:00,0:00:00,700
12156,BHOPAL  EXPRESS,1,NZM ,H NIZAMUDDIN   ,0:00:00,20:55:00,0
12156,BHOPAL  EXPRESS,2,AGC ,AGRA CANTT     ,23:35:00,23:38:00,188
12156,BHOPAL  EXPRESS,3,MRA ,MORENA         ,0:31:00,0:33:00,268
12156,BHOPAL  EXPRESS,4,GWL ,GWALIOR        ,1:07:00,1:10:00,306
12156,BHOPAL  EXPRESS,5,JHS ,JHANSI JN      ,2:33:00,2:43:00,403
12156,BHOPAL  EXPRESS,6,BINA,BINA JN        ,4:25:00,4:27:00,556
12156,BHOPAL  EXPRESS,7,BAQ ,GANJ BASODA    ,4:59:00,5:01:00,601
12156,BHOPAL  EXPRESS,8,BHS ,VIDISHA        ,5:29:00,5:31:00,641
12156,BHOPAL  EXPRESS,9,BPL ,BHOPAL  JN     ,6:25:00,6:30:00,694
12156,BHOPAL  EXPRESS,10,HBJ ,HABIBGANJ      ,7:05:00,0:00:00,700
12157,HUTATMA EXPRESS,1,PUNE,PUNE JN        ,0:00:00,18:00:00,0
12157,HUTATMA EXPRESS,2,DD  ,DAUND JN       ,19:00:00,19:02:00,76
12157,HUTATMA EXPRESS,3,KWV ,KURDUVADI      ,20:28:00,20:30:00,185
12157,HUTATMA EXPRESS,4,SUR ,SOLAPUR JN     ,22:00:00,0:00:00,264
12158,HUTATMA EXPRESS,1,SUR ,SOLAPUR JN     ,0:00:00,6:30:00,0
12158,HUTATMA EXPRESS,2,KWV ,KURDUVADI      ,7:30:00,7:32:00,79
12158,HUTATMA EXPRESS,3,DD  ,DAUND JN       ,9:18:00,9:20:00,188
12158,HUTATMA EXPRESS,4,PUNE,PUNE JN        ,10:30:00,0:00:00,264
12159,AMI JBP SUP EXP,1,AMI ,AMRAVATI       ,0:00:00,17:45:00,0
12159,AMI JBP SUP EXP,2,BD  ,BADNERA JN     ,18:00:00,18:01:00,10
12159,AMI JBP SUP EXP,3,TMT ,TIMTALA        ,18:13:00,18:15:00,18
12159,AMI JBP SUP EXP,4,DMN ,DHAMANGAON     ,18:50:00,18:52:00,56
12159,AMI JBP SUP EXP,5,PLO ,PULGAON JN     ,19:08:00,19:10:00,76
12159,AMI JBP SUP EXP,6,WR  ,WARDHA JN      ,19:33:00,19:36:00,105
12159,AMI JBP SUP EXP,7,NGP ,NAGPUR         ,21:30:00,21:40:00,184
12159,AMI JBP SUP EXP,8,KATL,KATOL          ,22:10:00,22:12:00,244
12159,AMI JBP SUP EXP,9,NRKR,NARKHER        ,22:30:00,22:32:00,269
12159,AMI JBP SUP EXP,10,PAR ,PANDHURNA      ,22:48:00,22:50:00,288
12159,AMI JBP SUP EXP,11,AMLA,AMLA JN        ,23:54:00,23:56:00,351
12159,AMI JBP SUP EXP,12,BZU ,BETUL          ,0:15:00,0:17:00,374
12159,AMI JBP SUP EXP,13,ET  ,ITARSI JN      ,2:35:00,2:45:00,481
12159,AMI JBP SUP EXP,14,SGP ,SOHAGPUR       ,3:31:00,3:33:00,530
12159,AMI JBP SUP EXP,15,PPI ,PIPARIYA       ,3:53:00,3:55:00,548
12159,AMI JBP SUP EXP,16,GAR ,GADARWARA      ,4:28:00,4:30:00,598
12159,AMI JBP SUP EXP,17,KY  ,KARELI         ,4:48:00,4:50:00,626
12159,AMI JBP SUP EXP,18,NU  ,NARSINGHPUR    ,5:13:00,5:15:00,642
12159,AMI JBP SUP EXP,19,SRID,SHRIDHAM       ,5:48:00,5:50:00,673
12159,AMI JBP SUP EXP,20,MML ,MADAN MAHAL    ,6:28:00,6:30:00,723
12159,AMI JBP SUP EXP,21,JBP ,JABALPUR       ,6:55:00,0:00:00,726
12160,JBP AMI SUP EXP,1,JBP ,JABALPUR       ,0:00:00,20:50:00,0
12160,JBP AMI SUP EXP,2,MML ,MADAN MAHAL    ,20:57:00,20:59:00,4
12160,JBP AMI SUP EXP,3,SRID,SHRIDHAM       ,21:30:00,21:32:00,54
12160,JBP AMI SUP EXP,4,NU  ,NARSINGHPUR    ,22:07:00,22:09:00,85
12160,JBP AMI SUP EXP,5,KY  ,KARELI         ,22:24:00,22:26:00,100
12160,JBP AMI SUP EXP,6,GAR ,GADARWARA      ,22:46:00,22:48:00,129
12160,JBP AMI SUP EXP,7,PPI ,PIPARIYA       ,23:21:00,23:23:00,178
12160,JBP AMI SUP EXP,8,SGP ,SOHAGPUR       ,23:38:00,23:40:00,196
12160,JBP AMI SUP EXP,9,ET  ,ITARSI JN      ,1:05:00,1:40:00,246
12160,JBP AMI SUP EXP,10,BZU ,BETUL          ,3:03:00,3:05:00,352
12160,JBP AMI SUP EXP,11,AMLA,AMLA JN        ,3:26:00,3:28:00,375
12160,JBP AMI SUP EXP,12,PAR ,PANDHURNA      ,4:23:00,4:25:00,439
12160,JBP AMI SUP EXP,13,NRKR,NARKHER        ,4:51:00,4:53:00,457
12160,JBP AMI SUP EXP,14,KATL,KATOL          ,5:03:00,5:05:00,482
12160,JBP AMI SUP EXP,15,NGP ,NAGPUR         ,6:25:00,6:35:00,543
12160,JBP AMI SUP EXP,16,WR  ,WARDHA JN      ,7:40:00,7:43:00,621
12160,JBP AMI SUP EXP,17,PLO ,PULGAON JN     ,8:05:00,8:07:00,651
12160,JBP AMI SUP EXP,18,DMN ,DHAMANGAON     ,8:33:00,8:35:00,671
12160,JBP AMI SUP EXP,19,TMT ,TIMTALA        ,9:06:00,9:08:00,708
12160,JBP AMI SUP EXP,20,BD  ,BADNERA JN     ,9:15:00,9:35:00,717
12160,JBP AMI SUP EXP,21,AMI ,AMRAVATI       ,9:45:00,0:00:00,726
12161,LASHKAR EXPRESS,1,LTT ,LOKMANYATILAK T,0:00:00,16:25:00,0
12161,LASHKAR EXPRESS,2,TNA ,THANE          ,16:43:00,16:45:00,18
12161,LASHKAR EXPRESS,3,KYN ,KALYAN JN      ,17:07:00,17:10:00,38
12161,LASHKAR EXPRESS,4,IGP ,IGATPURI       ,18:48:00,18:50:00,121
12161,LASHKAR EXPRESS,5,NK  ,NASIK ROAD     ,19:38:00,19:40:00,172
12161,LASHKAR EXPRESS,6,MMR ,MANMAD JN      ,20:27:00,20:30:00,245
12161,LASHKAR EXPRESS,7,JL  ,JALGAON JN     ,22:03:00,22:05:00,405
12161,LASHKAR EXPRESS,8,BSL ,BHUSAVAL JN    ,22:30:00,22:40:00,429
12161,LASHKAR EXPRESS,9,BAU ,BURHANPUR      ,23:28:00,23:30:00,483
12161,LASHKAR EXPRESS,10,KNW ,KHANDWA        ,1:05:00,1:10:00,552
12161,LASHKAR EXPRESS,11,HD  ,HARDA          ,2:18:00,2:20:00,660
12161,LASHKAR EXPRESS,12,TBN ,TIMARNI        ,2:33:00,2:35:00,674
12161,LASHKAR EXPRESS,13,ET  ,ITARSI JN      ,3:35:00,3:40:00,736
12161,LASHKAR EXPRESS,14,HBJ ,HABIBGANJ      ,5:10:00,5:12:00,821
12161,LASHKAR EXPRESS,15,BPL ,BHOPAL  JN     ,5:25:00,5:30:00,827
12161,LASHKAR EXPRESS,16,BINA,BINA JN        ,7:25:00,7:30:00,966
12161,LASHKAR EXPRESS,17,JHS ,JHANSI JN      ,9:30:00,9:40:00,1118
12161,LASHKAR EXPRESS,18,DBA ,DABRA          ,10:17:00,10:19:00,1173
12161,LASHKAR EXPRESS,19,GWL ,GWALIOR        ,10:56:00,11:01:00,1215
12161,LASHKAR EXPRESS,20,MRA ,MORENA         ,11:26:00,11:28:00,1254
12161,LASHKAR EXPRESS,21,AGC ,AGRA CANTT     ,12:55:00,0:00:00,1334
12162,LASHKAR EXPRESS,1,AGC ,AGRA CANTT     ,0:00:00,23:50:00,0
12162,LASHKAR EXPRESS,2,MRA ,MORENA         ,0:45:00,0:47:00,80
12162,LASHKAR EXPRESS,3,GWL ,GWALIOR        ,1:40:00,1:45:00,119
12162,LASHKAR EXPRESS,4,DBA ,DABRA          ,2:18:00,2:20:00,161
12162,LASHKAR EXPRESS,5,DAA ,DATIA          ,2:54:00,2:56:00,191
12162,LASHKAR EXPRESS,6,JHS ,JHANSI JN      ,3:25:00,3:35:00,216
12162,LASHKAR EXPRESS,7,BINA,BINA JN        ,6:10:00,6:15:00,369
12162,LASHKAR EXPRESS,8,BPL ,BHOPAL  JN     ,8:10:00,8:15:00,507
12162,LASHKAR EXPRESS,9,HBJ ,HABIBGANJ      ,8:25:00,8:27:00,513
12162,LASHKAR EXPRESS,10,ET  ,ITARSI JN      ,9:55:00,10:05:00,599
12162,LASHKAR EXPRESS,11,TBN ,TIMARNI        ,10:41:00,10:43:00,660
12162,LASHKAR EXPRESS,12,HD  ,HARDA          ,10:57:00,10:59:00,674
12162,LASHKAR EXPRESS,13,KNW ,KHANDWA        ,13:00:00,13:05:00,782
12162,LASHKAR EXPRESS,14,BAU ,BURHANPUR      ,13:58:00,14:00:00,851
12162,LASHKAR EXPRESS,15,BSL ,BHUSAVAL JN    ,14:40:00,14:50:00,906
12162,LASHKAR EXPRESS,16,JL  ,JALGAON JN     ,15:18:00,15:20:00,930
12162,LASHKAR EXPRESS,17,MMR ,MANMAD JN      ,17:17:00,17:20:00,1089
12162,LASHKAR EXPRESS,18,NK  ,NASIK ROAD     ,18:23:00,18:25:00,1163
12162,LASHKAR EXPRESS,19,IGP ,IGATPURI       ,19:53:00,19:55:00,1213
12162,LASHKAR EXPRESS,20,KYN ,KALYAN JN      ,21:32:00,21:35:00,1296
12162,LASHKAR EXPRESS,21,TNA ,THANE          ,21:53:00,21:55:00,1317
12162,LASHKAR EXPRESS,22,LTT ,LOKMANYATILAK T,22:35:00,0:00:00,1334
12163,CHENNAI EXPRESS,1,DR  ,DADAR          ,0:00:00,20:30:00,0
12163,CHENNAI EXPRESS,2,KYN ,KALYAN JN      ,21:05:00,21:10:00,45
12163,CHENNAI EXPRESS,3,LNL ,LONAVALA       ,22:38:00,22:40:00,119
12163,CHENNAI EXPRESS,4,PUNE,PUNE JN        ,0:05:00,0:10:00,183
12163,CHENNAI EXPRESS,5,SUR ,SOLAPUR JN     ,3:55:00,4:05:00,447
12163,CHENNAI EXPRESS,6,GR  ,GULBARGA       ,6:08:00,6:10:00,560
12163,CHENNAI EXPRESS,7,SDB ,SHAHABAD       ,6:33:00,6:35:00,586
12163,CHENNAI EXPRESS,8,WADI,WADI           ,7:15:00,7:20:00,596
12163,CHENNAI EXPRESS,9,YG  ,YADGIR         ,7:50:00,7:52:00,635
12163,CHENNAI EXPRESS,10,SADP,SAIDAPUR       ,8:08:00,8:10:00,658
12163,CHENNAI EXPRESS,11,RC  ,RAICHUR        ,8:48:00,8:50:00,704
12163,CHENNAI EXPRESS,12,MALM,MANTHRALAYAM RD,9:23:00,9:25:00,732
12163,CHENNAI EXPRESS,13,AD  ,ADONI          ,9:58:00,10:00:00,773
12163,CHENNAI EXPRESS,14,GTL ,GUNTAKAL JN    ,11:00:00,11:15:00,825
12163,CHENNAI EXPRESS,15,GY  ,GOOTY          ,11:40:00,11:42:00,853
12163,CHENNAI EXPRESS,16,TU  ,TADIPATRI      ,12:23:00,12:25:00,901
12163,CHENNAI EXPRESS,17,YA  ,YERRAGUNTLA    ,13:23:00,13:25:00,970
12163,CHENNAI EXPRESS,18,HX  ,CUDDAPAH       ,14:08:00,14:10:00,1009
12163,CHENNAI EXPRESS,19,RJP ,RAZAMPETA      ,15:08:00,15:10:00,1060
12163,CHENNAI EXPRESS,20,KOU ,KODURU         ,15:38:00,15:40:00,1094
12163,CHENNAI EXPRESS,21,RU  ,RENIGUNTA JN   ,16:55:00,17:00:00,1134
12163,CHENNAI EXPRESS,22,AJJ ,ARAKKONAM      ,18:03:00,18:05:00,1207
12163,CHENNAI EXPRESS,23,PER ,PERAMBUR       ,18:53:00,18:55:00,1270
12163,CHENNAI EXPRESS,24,MSB ,CHENNAI BEACH  ,19:01:00,19:02:00,1277
12163,CHENNAI EXPRESS,25,MS  ,CHENNAI EGMORE ,19:45:00,0:00:00,1281
12164,CHENNAI EXP    ,1,MS  ,CHENNAI EGMORE ,0:00:00,6:50:00,0
12164,CHENNAI EXP    ,2,MSB ,CHENNAI BEACH  ,7:00:00,7:01:00,5
12164,CHENNAI EXP    ,3,RU  ,RENIGUNTA JN   ,9:20:00,9:25:00,147
12164,CHENNAI EXP    ,4,KOU ,KODURU         ,10:09:00,10:10:00,188
12164,CHENNAI EXP    ,5,RJP ,RAZAMPETA      ,10:34:00,10:35:00,221
12164,CHENNAI EXP    ,6,HX  ,CUDDAPAH       ,11:24:00,11:25:00,272
12164,CHENNAI EXP    ,7,YA  ,YERRAGUNTLA    ,12:04:00,12:05:00,311
12164,CHENNAI EXP    ,8,TU  ,TADIPATRI      ,13:09:00,13:10:00,380
12164,CHENNAI EXP    ,9,GY  ,GOOTY          ,13:54:00,13:55:00,428
12164,CHENNAI EXP    ,10,GTL ,GUNTAKAL JN    ,14:45:00,15:00:00,457
12164,CHENNAI EXP    ,11,AD  ,ADONI          ,15:39:00,15:40:00,508
12164,CHENNAI EXP    ,12,MALM,MANTHRALAYAM RD,16:19:00,16:20:00,550
12164,CHENNAI EXP    ,13,RC  ,RAICHUR        ,16:49:00,16:50:00,578
12164,CHENNAI EXP    ,14,SADP,SAIDAPUR       ,17:29:00,17:30:00,623
12164,CHENNAI EXP    ,15,YG  ,YADGIR         ,17:54:00,17:55:00,646
12164,CHENNAI EXP    ,16,WADI,WADI           ,19:05:00,19:10:00,685
12164,CHENNAI EXP    ,17,SDB ,SHAHABAD       ,19:22:00,19:23:00,696
12164,CHENNAI EXP    ,18,GR  ,GULBARGA       ,19:49:00,19:50:00,722
12164,CHENNAI EXP    ,19,SUR ,SOLAPUR JN     ,21:50:00,22:00:00,835
12164,CHENNAI EXP    ,20,PUNE,PUNE JN        ,2:25:00,2:35:00,1098
12164,CHENNAI EXP    ,21,LNL ,LONAVALA       ,3:34:00,3:35:00,1162
12164,CHENNAI EXP    ,22,KYN ,KALYAN JN      ,4:59:00,5:00:00,1237
12164,CHENNAI EXP    ,23,DR  ,DADAR          ,6:00:00,0:00:00,1281
12165,LTT BSB SUP EXP,1,LTT ,LOKMANYATILAK T,0:00:00,5:20:00,0
12165,LTT BSB SUP EXP,2,TNA ,THANE          ,5:38:00,5:40:00,18
12165,LTT BSB SUP EXP,3,KYN ,KALYAN JN      ,6:05:00,6:08:00,38
12165,LTT BSB SUP EXP,4,IGP ,IGATPURI       ,7:53:00,7:55:00,121
12165,LTT BSB SUP EXP,5,NK  ,NASIK ROAD     ,8:43:00,8:45:00,172
12165,LTT BSB SUP EXP,6,MMR ,MANMAD JN      ,9:35:00,9:40:00,245
12165,LTT BSB SUP EXP,7,JL  ,JALGAON JN     ,11:18:00,11:20:00,405
12165,LTT BSB SUP EXP,8,BSL ,BHUSAVAL JN    ,11:45:00,12:00:00,429
12165,LTT BSB SUP EXP,9,ET  ,ITARSI JN      ,17:00:00,17:10:00,736
12165,LTT BSB SUP EXP,10,JBP ,JABALPUR       ,20:40:00,20:50:00,981
12165,LTT BSB SUP EXP,11,STA ,SATNA          ,0:01:00,0:10:00,1170
12165,LTT BSB SUP EXP,12,ALD ,ALLAHABAD JN   ,3:55:00,4:15:00,1348
12165,LTT BSB SUP EXP,13,JNH ,JANGHAI JN     ,5:17:00,5:19:00,1407
12165,LTT BSB SUP EXP,14,BOY ,BHADOHI        ,5:48:00,5:50:00,1438
12165,LTT BSB SUP EXP,15,BSB ,VARANASI JN    ,7:05:00,0:00:00,1482
12166,BSB LTT SUP EXP,1,BSB ,VARANASI JN    ,0:00:00,20:20:00,0
12166,BSB LTT SUP EXP,2,BOY ,BHADOHI        ,20:57:00,20:59:00,45
12166,BSB LTT SUP EXP,3,JNH ,JANGHAI JN     ,21:26:00,21:28:00,76
12166,BSB LTT SUP EXP,4,ALD ,ALLAHABAD JN   ,23:00:00,23:30:00,135
12166,BSB LTT SUP EXP,5,STA ,SATNA          ,2:15:00,2:25:00,313
12166,BSB LTT SUP EXP,6,JBP ,JABALPUR       ,4:50:00,5:00:00,502
12166,BSB LTT SUP EXP,7,ET  ,ITARSI JN      ,8:55:00,9:05:00,747
12166,BSB LTT SUP EXP,8,BSL ,BHUSAVAL JN    ,13:35:00,13:45:00,1054
12166,BSB LTT SUP EXP,9,JL  ,JALGAON JN     ,14:13:00,14:15:00,1078
12166,BSB LTT SUP EXP,10,MMR ,MANMAD JN      ,15:55:00,16:00:00,1238
12166,BSB LTT SUP EXP,11,NK  ,NASIK ROAD     ,16:58:00,17:00:00,1311
12166,BSB LTT SUP EXP,12,IGP ,IGATPURI       ,18:33:00,18:35:00,1362
12166,BSB LTT SUP EXP,13,KYN ,KALYAN JN      ,20:22:00,20:25:00,1445
12166,BSB LTT SUP EXP,14,TNA ,THANE          ,20:48:00,20:50:00,1465
12166,BSB LTT SUP EXP,15,LTT ,LOKMANYATILAK T,21:30:00,0:00:00,1482
12167,LTT BSB SUP EXP,1,LTT ,LOKMANYATILAK T,0:00:00,0:35:00,0
12167,LTT BSB SUP EXP,2,KYN ,KALYAN JN      ,1:20:00,1:23:00,38
12167,LTT BSB SUP EXP,3,IGP ,IGATPURI       ,3:13:00,3:15:00,121
12167,LTT BSB SUP EXP,4,NK  ,NASIK ROAD     ,4:08:00,4:10:00,172
12167,LTT BSB SUP EXP,5,BSL ,BHUSAVAL JN    ,7:15:00,7:30:00,429
12167,LTT BSB SUP EXP,6,KNW ,KHANDWA        ,10:10:00,10:15:00,552
12167,LTT BSB SUP EXP,7,ET  ,ITARSI JN      ,13:05:00,13:15:00,736
12167,LTT BSB SUP EXP,8,JBP ,JABALPUR       ,16:20:00,16:40:00,981
12167,LTT BSB SUP EXP,9,KTE ,KATNI          ,17:50:00,17:55:00,1072
12167,LTT BSB SUP EXP,10,MYR ,MAIHAR         ,18:55:00,18:57:00,1135
12167,LTT BSB SUP EXP,11,STA ,SATNA          ,19:35:00,19:45:00,1170
12167,LTT BSB SUP EXP,12,MKP ,MANIKPUR JN    ,22:10:00,22:12:00,1247
12167,LTT BSB SUP EXP,13,COI ,CHEOKI         ,23:35:00,23:40:00,1339
12167,LTT BSB SUP EXP,14,BSB ,VARANASI JN    ,3:45:00,0:00:00,1472
12168,BSB LTT SUP EXP,1,BSB ,VARANASI JN    ,0:00:00,10:25:00,0
12168,BSB LTT SUP EXP,2,COI ,CHEOKI         ,12:57:00,13:02:00,134
12168,BSB LTT SUP EXP,3,MKP ,MANIKPUR JN    ,14:28:00,14:30:00,226
12168,BSB LTT SUP EXP,4,STA ,SATNA          ,16:00:00,16:10:00,303
12168,BSB LTT SUP EXP,5,KTE ,KATNI          ,17:20:00,17:25:00,401
12168,BSB LTT SUP EXP,6,JBP ,JABALPUR       ,18:45:00,18:55:00,492
12168,BSB LTT SUP EXP,7,ET  ,ITARSI JN      ,23:10:00,23:20:00,737
12168,BSB LTT SUP EXP,8,KNW ,KHANDWA        ,3:05:00,3:10:00,921
12168,BSB LTT SUP EXP,9,BSL ,BHUSAVAL JN    ,4:45:00,4:55:00,1044
12168,BSB LTT SUP EXP,10,NK  ,NASIK ROAD     ,7:58:00,8:00:00,1301
12168,BSB LTT SUP EXP,11,IGP ,IGATPURI       ,9:43:00,9:45:00,1352
12168,BSB LTT SUP EXP,12,KYN ,KALYAN JN      ,11:22:00,11:25:00,1435
12168,BSB LTT SUP EXP,13,LTT ,LOKMANYATILAK T,12:25:00,0:00:00,1472
12169,SUR INTERCITY  ,1,PUNE,PUNE JN        ,0:00:00,9:30:00,0
12169,SUR INTERCITY  ,2,URI ,URULI          ,9:56:00,9:57:00,29
12169,SUR INTERCITY  ,3,DD  ,DAUND JN       ,10:30:00,10:32:00,76
12169,SUR INTERCITY  ,4,JEUR,JEUR           ,11:33:00,11:35:00,151
12169,SUR INTERCITY  ,5,KWV ,KURDUVADI      ,11:58:00,12:00:00,185
12169,SUR INTERCITY  ,6,SUR ,SOLAPUR JN     ,13:30:00,0:00:00,264
12170,PUNE INTERCITY ,1,SUR ,SOLAPUR JN     ,0:00:00,14:00:00,0
12170,PUNE INTERCITY ,2,KWV ,KURDUVADI      ,14:58:00,15:00:00,79
12170,PUNE INTERCITY ,3,JEUR,JEUR           ,15:28:00,15:30:00,114
12170,PUNE INTERCITY ,4,DD  ,DAUND JN       ,16:43:00,16:45:00,188
12170,PUNE INTERCITY ,5,URI ,URULI          ,17:21:00,17:22:00,235
12170,PUNE INTERCITY ,6,PUNE,PUNE JN        ,18:05:00,0:00:00,264
